anchor,long_score,Lconv,Market_Mean_Return,mcap_rank,fwd,is_top1,Return,RVOL,RSI_14,Dist_52W_High,Dist_52W_Low,Dist_SMA_50,VWAP_Dist,IBS,Stoch_K,Alpha_3H,HL_Range,net6
10:15,-0.027566688135266304,0.019050976261496544,0.004335880273972924,46,-16.716196136700916,True,-0.002962962962963056,0.5519369150659602,55.18292682926802,,,,1.4147507665688906e-14,0.31724137887276427,36.12903225806393,-0.010895783451728158,0.013465824665676078,-22.716196136700916
10:30,-0.029436428099870682,0.015169218182563782,0.00037431284134845284,114,-77.49830047586738,True,-0.002306022788931106,0.5460831678647082,31.14754098360619,,,,-0.0012358376029108845,0.17117117086275224,11.656441717791305,-0.01260014674948814,0.015091774303195136,-83.49830047586738
10:45,-0.028832148760557175,0.01906399428844452,0.0009910523745796864,35,-55.26955752771373,True,0.0004107424960506645,0.22202138641340388,58.836689038031544,,,,0.0012403990086499981,0.8805309730617195,61.60919540229927,-0.001871670453977009,0.00713766857215043,-61.26955752771373
11:00,-0.028768077492713928,0.018381677567958832,-0.0004884664584340446,35,-71.0788185120834,True,-0.0002526608344124437,0.17671676143314005,56.264236902050165,,,,0.0008447562828323592,0.8157894732548476,56.89655172413784,0.0009856907966174723,0.006002211341020376,-77.0788185120834
11:15,-0.028606655076146126,0.0219337847083807,-0.0020793467759698627,145,-453.06351883080333,True,-0.008527002173549514,4.392491023631807,88.96336014298487,,,,0.0023086593228992887,0.5714285713265306,88.171513060621,-0.011407528319628997,0.03147835862844295,-459.06351883080333
11:30,-0.028768077492713928,0.024052169173955917,0.00019989525575593418,35,-28.818443804034295,True,-9.499683343894283e-05,0.25519621016766636,42.18415417558864,,,,-0.0011841090009482244,0.22068965502020146,30.87431693989004,-0.0037121971688388656,0.00459194983690661,-34.818443804034295
11:45,-0.02367015928030014,0.03340756893157959,-0.000709048459664068,35,3.4933943089428006,True,-0.0028185071412736296,0.2921759365241194,37.09981167608289,,,,-0.0034695274620990106,0.038647342976507994,6.557377049180593,-0.005894488918833336,0.00657393292682921,-2.5066056910571994
12:00,-0.025147689506411552,0.029741531237959862,0.0005415955799417303,35,22.908049634106963,True,-0.0018419715447155482,0.38960539586189485,30.4964539007091,,,,-0.004545092622348357,0.08064516125780377,4.761904761904762,-0.0049972779038184485,0.007890550429525989,16.908049634106963
12:15,-0.030400501564145088,0.01957385055720806,-0.0003592467877716642,77,-13.315579227696405,True,-0.0019491450341100336,0.2833514487034285,18.548387096773908,,,,-0.006010191404662613,0.16666666649304765,5.714285714285389,0.00029982524612142715,0.008521970705725619,-19.315579227696404
12:30,-0.03131062537431717,0.01734396070241928,-0.000506261220282026,151,-57.895787582352064,True,-0.0027871789767072164,0.5312868245092186,63.973799126637374,,,,-0.002782933700328049,0.27272727217631065,67.05539358600592,-0.006200858725295638,0.00658814134557802,-63.895787582352064
12:45,-0.03180404752492905,0.017606310546398163,-0.00018223253232718803,77,74.75304796653789,True,-0.0011555555555554653,0.2778847071123575,17.17171717171709,,,,-0.006675226494155979,0.062499999921874994,1.683501683501681,-0.0013080801145640972,0.007119337901575153,68.75304796653789
13:00,-0.033032920211553574,0.015645891427993774,-0.00028717926139544255,102,93.4205258241025,True,-0.0019314019314019548,1.045471214678581,68.35205992509351,,,,0.0038096214971971324,0.39999999961903027,85.61643835616402,-0.006420606583940125,0.007006539436807687,87.4205258241025
13:15,-0.03358949348330498,0.016144558787345886,0.0005071010692692707,122,15.970847579628067,True,-0.002624907455185843,0.13610517335884856,45.11059371362068,,,,-0.005310770843856317,0.0,14.1339001062702,-0.0025613327791246475,0.006590786395536996,9.970847579628067
13:30,-0.03358949348330498,0.01698492094874382,0.0010538805878742724,110,-25.642254601226554,True,-0.0030104649495865665,0.45408133016221625,73.69649805447483,,,,-0.0036282501156019967,0.0,79.71646673936762,-0.008880937895613027,0.005080521472392594,-31.642254601226554
13:45,-0.03451240062713623,0.014466039836406708,0.00033665396692897625,92,45.40472835446966,True,-0.0018752930145333746,1.195182704852126,69.1729323308277,,,,0.0030828339637851703,0.6111111077160581,80.28169014084546,0.0006918314213787478,0.005636449037106658,39.40472835446966
14:00,-0.03480230271816254,0.0210435651242733,0.0005842143321033903,172,25.214792678371737,True,-0.0023292648840026464,0.4486663482611598,71.769383697813,,,,0.002331855901425124,0.07317073152884038,68.73449131513628,-0.012338255838094944,0.007657825924542441,19.214792678371737
14:15,-0.03400251269340515,0.01598382741212845,0.0009853142470475395,164,3.7825059101663445,True,-0.0024525988114327824,0.5439013307319555,67.95865633074976,,,,0.003178705221088625,0.32258064412070525,70.9016393442625,-0.00430719538929541,0.005862884160756544,-2.2174940898336555
10:15,-0.025289690122008324,0.030088232830166817,0.001982391649433453,80,48.17404817404853,True,-0.008474576271186418,0.45191155474069333,52.67379679144388,,,,1.4380899130487912e-13,0.005847953212949126,21.65898617511537,-0.011394342745599435,0.013286713286713216,42.17404817404853
10:30,-0.026892151683568954,0.025795381516218185,0.0007199948686666518,21,5.656108597284747,True,-0.0004240282685511465,1.0541254905636532,48.66666666666673,,,,-0.00023257566716982064,0.5740740719478804,37.349397590361924,-0.0065995634377429445,0.007635746606334809,-0.3438914027152533
10:45,-0.02825574018061161,0.018857186660170555,0.0005613892752265992,107,6.554307116104869,True,-0.0028011204481792618,0.4411952917446984,47.337278106508876,,,,-0.002345299665204782,0.05555555553497942,33.76623376623377,-0.0018126652798148173,0.0050561797752808986,0.5543071161048694
11:00,-0.02682391181588173,0.02233058214187622,3.413712445593778e-05,80,19.35733643050716,True,-0.001160092807424573,0.253427794562324,44.985673352435484,,,,0.0017594252615155178,0.6190476183106562,38.423645320196904,0.0025755789961574294,0.006504065040650477,13.35733643050716
11:15,-0.029444534331560135,0.01349896565079689,0.000832294578184687,69,-28.281042863455994,True,-0.002028576468512955,0.5167128343915165,57.3459715639807,,,,-0.0022374486650398305,0.10101010090806967,27.054794520548004,-0.0027883891991760173,0.004374723817940827,-34.281042863455994
11:30,-0.029075324535369873,0.015690002590417862,-0.000135410965231731,146,17.064846416382252,True,-0.007452574525745326,5.022585191808691,82.83783783783781,-0.009912142374185303,0.0846495557728369,0.0502298065984072,0.006918033456528435,0.6912280696903679,85.28428093645492,0.0025693434536666632,0.032423208191126277,11.064846416382252
11:45,-0.028485648334026337,0.018812596797943115,-0.00040085598649796056,95,-57.77675063554426,True,-0.0024207492795389474,0.37416172989148233,40.65040650406498,-0.010971428571177822,0.010981308410958355,0.00032817194360975054,-0.0028270513481802964,0.060606060238731316,33.009708737864,-0.002804294323144047,0.0038132655419458685,-63.77675063554426
12:00,-0.027288375422358513,0.017817167565226555,-0.00047245525622242006,34,22.727272727272155,True,-0.0020161290322581182,0.615915110085444,81.30630630630654,-0.014680268722832476,0.02426154880635964,0.005550505050504998,0.0009393117319909849,0.6124030960278806,84.94382022471935,-0.004571453118806822,0.006515151515151475,16.727272727272155
12:15,-0.02867518551647663,0.020002586767077446,0.0004928296883056445,106,10.075268179932706,True,-0.001065656266650894,0.49545333511607736,53.33333333333329,-0.015002918855720969,0.022606060605923572,0.00481005156166656,0.007641249655806304,0.49999999973684206,58.81410256410255,-0.0012411883122826648,0.011260593848159783,4.075268179932706
12:30,-0.02764158882200718,0.017780056223273277,-0.0003124773917921623,130,-44.27635826953233,True,-0.0008294930875576423,0.891927484329886,61.36054421768708,-0.001381724392038722,0.101727642276216,0.0308513974725578,0.009878196791443795,0.8255813951568415,96.47058823529412,-0.0018790055616558262,0.007932847523291209,-50.27635826953233
12:45,-0.030268320813775063,0.004679566249251366,-0.0006730866158709392,34,18.62291121401271,True,0.00015101938082051625,0.5153051428833479,83.1838565022426,-0.01129634237316257,0.027779214731375575,0.009160459029595294,0.0037514207917102977,0.8604651062736585,96.84210526315779,-0.00015953435341046628,0.004328568552446213,12.62291121401271
13:00,-0.030057694762945175,0.020035911351442337,-0.00072346032970219,130,49.051365108745955,True,-0.005064456721915245,0.9685371509955208,57.215836526181356,-0.005888306191911145,0.09806910569085758,0.02571957427117072,0.004795175886671211,0.2888888888246913,85.38812785388127,-0.0075372892325645795,0.008329477093937991,43.051365108745955
13:15,-0.028948495164513588,0.023363815620541573,-0.0006099589565585684,34,49.97728305315812,True,-0.0018140589569159982,0.6744172530847654,70.86956521739162,-0.014232396117729093,0.02472712223761176,0.006374880105002913,0.0006025800826947958,0.14457831151110798,77.81249999999987,-0.0055575417681985855,0.0041900146398102505,43.97728305315812
13:30,-0.03208572044968605,0.021625734865665436,0.0006659200925629419,58,17.7999288002848,True,-0.001066856330014243,1.0571525088015663,77.77777777777784,-0.0056637168139588865,0.028560966677826233,0.015354218583125627,0.0064999869346873875,0.5142857113469258,89.03225806451583,-0.0017772453934413734,0.00622997508009968,11.7999288002848
13:45,-0.03367462009191513,0.014432121068239212,0.0004131785440118741,116,-0.7750435962022864,True,-0.0039756059904276775,1.074337366403895,65.91375770020534,-0.021017489282596377,0.015904885634422588,0.0004696764192986307,0.00026536226689567765,0.04237288135521402,59.2057761732852,-0.002732510547618994,0.0045727572175934894,-6.775043596202286
14:00,-0.03423966467380524,0.017155032604932785,-0.0007428386524475626,137,-18.70732391731363,True,-0.004747719232917613,0.6576283127111378,65.88235294117646,-0.016195822213744566,0.027980769230231052,0.011243101674305474,-0.00016581309116472446,0.04054054048575,54.16666666666642,-0.015407003317229351,0.013843419698812044,-24.70732391731363
14:15,-0.03254552185535431,0.018818996846675873,0.0005624810756936797,58,17.752529735487308,True,-0.0012411347517731208,1.248498757155571,85.795454545454,-0.003008849557415696,0.03130721347377108,0.017322918515888585,0.007110540445984086,0.6052631547091366,91.07142857142854,-0.0011333591948120612,0.006745961299485096,11.752529735487308
10:15,-0.02860146202147007,0.013690842315554619,0.00263196340027802,6,-13.597425554095091,True,-0.006618640252138541,2.7111059774488684,35.93380614657259,-0.011071268489416902,0.02176631315694083,0.0027657163577028787,1.0923994740911762e-14,0.7072243343318628,46.15384615384685,-0.006591111919088943,0.011920409735756778,-19.59742555409509
10:30,-0.028717972338199615,0.015406087040901184,-0.0006648860377600575,88,7.279344858962279,True,-0.009552992069214006,7.207852784575352,36.489607390300165,-0.030607744552962838,0.03270062018386859,-0.011219290263876185,-0.004630726508309937,0.6718146716849775,56.67752442996748,-0.018581089436335768,0.0471337579617834,1.2793448589622791
10:45,-0.029681682586669922,0.011036444455385208,-0.0008145149636146494,144,-5.922767116796967,True,-0.0033057851239668423,1.0724310828797707,51.12781954887245,-0.027419354838077843,0.006197854588648496,-0.0023217247097843197,-0.0024722710517302527,0.26315789381348426,47.272727272727685,-0.002062396647780322,0.006751954513148462,-11.922767116796967
11:00,-0.029448971152305603,0.012499496340751648,0.0006865991581155448,10,-6.605746999888903,True,-0.0010448171569975573,0.4965487818491261,66.55629139072857,-0.00726815672983633,0.013388374428130156,0.005203126720246489,-0.0009409535132398148,0.3802816896052163,44.35146443514589,-0.002053284066938466,0.003908400308268143,-12.605746999888904
11:15,-0.02647455222904682,0.023308122530579567,-0.001881202318199524,80,-46.27249357326444,True,-0.0026371694381362998,3.884543671452938,91.38627187079423,-0.004460368528776913,0.07534949845924224,0.045241278002203456,0.005531583618607353,0.7844522965425992,91.81208053691287,0.002810641604302739,0.020785897906720495,-52.27249357326444
11:30,-0.027659082785248756,0.019384847953915596,-0.00046192632122377895,80,-28.697571743930027,True,-0.0018362100624311761,3.1166924228125916,88.27404479578405,-0.0062883884176199376,0.07337493088955561,0.04220456217807211,0.0030221511854166007,0.6961130739589734,88.05555555555569,-0.0013891116599519192,0.020824135393671783,-34.69757174393003
11:45,-0.028261538594961166,0.020318694412708282,0.00048547478562572914,80,-12.530404658362537,True,-0.001692420897718927,2.4940812598753683,85.67774936061397,-0.007970166715355487,0.07155832872544393,0.039388221419621214,0.0011386695639509614,0.3625730992031782,84.20289855072484,-0.01359564143037631,0.012604112921058383,-18.530404658362535
12:00,-0.027566011995077133,0.025027014315128326,-0.000375727423832608,84,13.340003335000075,True,-0.0036550922080078596,1.6716630007099287,94.42060085836907,-0.00497760079625095,0.10952821461204344,0.06883441720860443,0.007766975271877662,0.6470588220069204,93.30357142857144,-0.0036721669813493613,0.014173753543438385,7.340003335000075
12:15,-0.03131827339529991,0.01439199224114418,0.00028756526893300633,82,23.632613005946748,True,-0.0033732534930138725,1.269705345112868,47.85156250000021,-0.015827650096550835,0.004324563520789435,-0.004781398329694938,-0.004779373254192615,0.16382978719920063,24.794520547945705,-0.0049446456768349354,0.009412989926098014,17.632613005946748
12:30,-0.03050047531723976,0.01106332242488861,0.0018255808711006927,24,-10.844306738962748,True,0.0013962147067949626,0.3805646419543994,73.71794871794914,-0.0221178609299946,0.017336485421455192,0.00709527498063523,0.0013709210469612918,0.8124999983072798,66.86746987951788,0.0005052176681680002,0.003718048024787128,-16.84430673896275
12:45,-0.02959822677075863,0.01673884503543377,1.478755046805546e-05,37,33.20980904359726,True,-0.0017182825260774193,1.5251285422308225,77.19714964370534,-0.0019603880355659286,0.02665225255186655,0.014750420185084047,0.004222916382531811,0.7512820510894195,90.04106776180713,0.0008018697431477419,0.007897454589636109,27.20980904359726
13:00,-0.03254329040646553,0.0199606791138649,-1.6993273233203534e-05,20,-4.38288920056101,True,-0.0007882981518787524,1.5468921724259965,55.660377358490564,-0.013575443147415845,0.015398308856239074,0.003615007012622702,0.0059806600952700935,0.7765957445982345,80.8411214953271,0.0037414626042680853,0.008239831697054698,-10.38288920056101
13:15,-0.030702248215675354,0.022342346608638763,0.0004551599077850121,50,-11.360408974722803,True,-0.0012291981845689026,0.2801323170590941,77.7690494893951,-0.007236842105240458,0.13527746927906248,0.042522641926220454,-0.00030699757373917215,0.1761006288200729,80.90909090909098,-0.00817588272742657,0.00501751396383606,-17.3604089747228
13:30,-0.03215455636382103,0.021204885095357895,-0.00010276558795853019,50,-3.4749644605904564,True,-0.0010729275142794537,0.26339221880153274,73.77998345740271,-0.00830200501250532,0.1340593988459353,0.03980477017848665,-0.0013485462817216206,0.27108433718609526,69.54022988505747,-0.008787265312480464,0.005244037276891458,-9.474964460590456
13:45,-0.03169083595275879,0.018046092242002487,0.00018116357502437534,54,29.585798816567763,True,-0.0022140221402213722,1.128862889137247,84.07079646017728,-0.005028823745736947,0.06442724051792609,0.039617850098619366,0.010301426681262785,0.5899999988200091,86.10169491525454,-0.006044533665366086,0.012327416173570018,23.585798816567763
14:00,-0.035302989184856415,0.01448487862944603,6.761809395688675e-05,57,22.020105313547152,True,-0.0008609144824947013,1.0468930840746995,51.04895104895105,-0.006751616584239727,0.0102524422090913,0.0013173767352800592,6.122053943206418e-05,0.2749999998625,51.282051282051285,-0.0014407239849187955,0.003829583532790809,16.020105313547152
14:15,-0.03404565900564194,0.014629580080509186,-0.0005151621012201607,87,42.620621823945044,True,-0.0037018890522075854,1.6965229376823163,51.36186770427981,-0.004189792142756638,0.06711370262351532,0.017342221736517036,-7.880962590420586e-05,0.23762376214095518,42.1052631578942,-0.006801638502529396,0.005518824107972192,36.620621823945044
10:15,-0.018756981939077377,0.026874300092458725,-0.00306800641891976,13,-47.90648653827728,True,-0.07424161788185213,6.714746705101567,2.265372168284941,-0.10219354838621766,0.013300970873657317,-0.09441410366963683,6.53560435300528e-16,0.3805555554498469,13.135186960690366,-0.07003759557254687,0.03449267030755964,-53.90648653827728
10:30,-0.023561663925647736,0.03124981001019478,-0.0018749348826827008,83,19.801980198019802,True,-0.004337539432176629,0.4397855292474252,50.724637681159415,-0.008637612877892172,0.02851323828919409,0.004538613861386081,-0.002533264967345621,0.06060606060238751,55.10204081632653,-0.00926963791109128,0.006534653465346534,13.801980198019802
10:45,-0.02363387867808342,0.029122933745384216,0.0008313415437010799,166,3.740648379051802,True,-0.001369692441788084,0.8169228359841524,62.15351812366736,-0.015950920245203056,0.0283369662773646,0.013539900249376463,-9.522600505721542e-05,0.7112299457633862,51.127819548872225,-0.01745043281740579,0.011658354114713245,-2.259351620948198
11:00,-0.023377573117613792,0.02456696145236492,-0.0008266899805210042,151,24.07958937963489,True,-0.005858636764520697,0.5260683097710286,86.92449355432746,-0.006234256926873681,0.07135098438463876,0.04509600152081614,0.0001574957018967463,0.5263157889700304,90.03021148036244,-0.006253608680755568,0.013243774158798613,18.07958937963489
11:15,-0.0274029728025198,0.016798021271824837,0.0006779260991638346,86,0.6814774430960137,True,-0.00224382946896029,1.7657603553902033,74.28998505231702,-0.005085090514576683,0.05492451473720406,0.024974785334605672,-0.001084346798411392,0.40476190444067156,83.55263157894741,-0.0024534349755607507,0.008586615783017674,-5.318522556903987
11:30,-0.0258165393024683,0.019968437030911446,-3.068482856334243e-05,138,27.689030883919305,True,-0.003607809847198662,3.034184342670698,70.56277056277044,-0.005085823267533628,0.03391323496952399,0.007118210862619896,0.0012998743753604924,0.593220337977595,73.77049180327887,0.004890078402143973,0.012566560170393988,21.689030883919305
11:45,-0.025156956166028976,0.024023547768592834,-0.00037685147809492903,31,84.7750865051899,True,-0.0025884383088869978,0.3996942415491726,59.183673469388026,-0.004306632213460581,0.02174297330663796,0.010498269896193744,-0.0015653413769302893,0.2272727252066069,69.87951807228899,-0.002822452748358594,0.003806228373702501,78.7750865051899
12:00,-0.02779272384941578,0.021667761728167534,-0.00028364548628377845,89,71.64136756986903,True,-0.0017701621468526607,0.9129022606167736,88.05755395683431,-0.0029702970296819962,0.049817559013702946,0.028798411122144922,0.009546721010269307,0.8410256405943388,94.64594127806541,-0.0022508102712555495,0.013831749184281459,65.64136756986903
12:15,-0.027837267145514488,0.023747647181153297,0.0004293150477309102,83,-9.916699722332407,True,-0.0015841584158415856,0.11824491329318709,49.62962962962963,-0.01020808794659984,0.026883910386954424,0.0019833399444664813,-0.003376291568626815,0.0,3.7037037037037037,-0.0037862597068940036,0.004165013883379611,-15.916699722332407
12:30,-0.02937181107699871,0.016700541600584984,0.0001924321638543056,160,-32.685672780099296,True,-0.0021743069396628067,0.26152618781044606,51.243781094527364,-0.012551551012639354,0.06415458936950136,0.0011548937715636115,-0.0006166738736474027,0.08695652136107794,46.87500000000045,-0.0022157893444823907,0.0083530052660251,-38.685672780099296
12:45,-0.02950938232243061,0.017539335414767265,-0.001037327983835595,40,-33.966256473078325,True,-0.003661581137309189,0.1933931087262587,43.15068493150674,-0.011286060339070215,0.05023391812836126,0.00023943426694140188,-0.0072763657849062415,0.058064516091577145,4.687500000000463,-0.007025516233843253,0.008630770087421347,-39.966256473078325
13:00,-0.03187016770243645,0.016371145844459534,5.1151634187412456e-05,40,-5.018960517511103,True,-0.0015034244668411523,0.2583812664485549,42.3766816143497,-0.012772517066655099,0.048654970759949415,-0.0014053089449029565,-0.008056583302986257,0.054545454512402204,4.109589041096289,-0.007017560014649359,0.00920142761543609,-11.018960517511104
13:15,-0.030739687383174896,0.017731618136167526,-0.0005316696056048203,110,42.68646328732081,True,-0.002429993057162738,1.8875960876966544,81.88319427890336,-0.004204495576029241,0.07093167701845732,0.03044008815682646,0.005844808269304901,0.6479690520990411,91.06529209622,-0.005689131758445303,0.01199396821714414,36.68646328732081
13:30,-0.028223054483532906,0.026816224679350853,-0.00043279625987752596,89,-4.239683436971004,True,-0.003099464637926097,0.6471980175961144,82.69841269841262,-0.006598343394590679,0.05383870727489878,0.02820661390616176,0.010155308105559726,0.2713178292470433,84.53947368421073,-0.005719548402777337,0.00911531938948549,-10.239683436971003
13:45,-0.029728321358561516,0.02585797943174839,0.0011295727757697138,89,-21.18793700120065,True,0.0004946297343131345,0.7111148049221611,80.67375886524817,-0.006106977397121121,0.05435996723468345,0.027996327424253193,0.010144073543457434,0.21621621602143679,82.60000000000036,-0.009286121478038324,0.007839536690444175,-27.18793700120065
14:00,-0.031846899539232254,0.018921922892332077,0.00015934862920241664,83,-33.91859537110934,True,-0.004765687053216894,0.4261015058542059,23.611111111111114,-0.016097369454253593,0.020773930753555693,-0.0035953711093375316,-0.007846188564041625,0.13333333332444444,5.47945205479452,-0.004245981627815494,0.005985634477254589,-39.91859537110934
14:15,-0.033211562782526016,0.017214272171258926,0.0005213405494710449,138,28.711186729051953,True,-0.0031799872800508666,0.6449108699807954,64.36781609195407,-0.0036024581478363298,0.035454745649956876,0.006565291365376292,0.0016390927872350493,0.26086956408316614,75.0,-0.0024164281475403107,0.004891535516801265,22.711186729051953
10:15,-0.02440722845494747,0.026430794969201088,0.00350981064261139,53,-40.280471430702676,True,-0.004997525977239015,1.0509457295191449,64.30921052631578,-0.00706103100927606,0.06116094986800932,0.00977671689293344,1.6770631827396833e-13,0.4664179104129539,72.34042553191489,0.001123702631176427,0.01332736585608434,-46.280471430702676
10:30,-0.029681682586669922,0.010996460914611816,-0.0002239366349799641,136,42.49291784702491,True,-0.0025046560914520066,0.5780232275596487,56.806722689075826,-0.01901092654570189,0.023188405796948725,-0.0013237187741437291,-0.001604570703482483,0.2990654202812502,75.81521739130469,0.00808142640744363,0.00688900334792689,36.49291784702491
10:45,-0.02567937970161438,0.025054968893527985,0.00045415835552387366,38,-22.72874862004026,True,-0.0011675423234092097,1.0596017339507098,74.72283813747228,-0.002720031086066032,0.05762362637354722,0.012664458731086462,-0.0009071700060197074,0.6769230768189349,87.68328445747801,0.004039668817771206,0.008442106630300669,-28.72874862004026
11:00,-0.025598961859941483,0.018703997135162354,0.000293257790846113,34,-4.993009786298898,True,-0.000997605746208996,0.4359812006439816,83.95721925133697,-0.003334162726880547,0.03605607573141295,0.006921310165767937,0.0007501518914853207,0.5957446745133583,89.01734104046258,-0.00012765260628030267,0.0046934291991212185,-10.993009786298899
11:15,-0.02443488873541355,0.03029411844909191,0.00011522727219147934,53,14.479728380267627,True,-0.004424118904409191,0.39635031952852307,50.384024577572966,-0.011060635986558303,0.05688654353556001,0.004572598362292877,-0.003885651667479155,0.06299212597433194,35.816618911174785,-0.007131542580657195,0.0063411224285999605,8.479728380267627
11:30,-0.025208260864019394,0.02443739026784897,0.00016729516835844874,34,-15.476784822765962,True,-0.0004990019960079417,0.3407059123503868,81.08108108108132,-0.00323463548130197,0.03615953649391347,0.006725911133299982,0.0006108307972020289,0.4782608626339202,88.53503184713418,-0.003286766257791883,0.003444832750873678,-21.476784822765964
11:45,-0.02201070636510849,0.024433813989162445,0.000258769437846261,34,-5.99430540986086,True,-0.0005491762356466534,0.31844085780752374,76.52173913043464,-0.003782035331983929,0.03559050230016083,0.006048254158549408,5.633192702438747e-05,0.4179104415237165,84.88745980707392,-0.002838387375217065,0.0033468205205055995,-11.99430540986086
12:00,-0.029286561533808708,0.014079133048653603,-2.401070104190026e-05,42,-13.852717903252618,True,-0.0027628888766093596,0.5148731013256477,61.821366024518326,-0.025802968959470828,0.0319057693389042,-2.2164348645152533e-05,-0.004774628233499346,0.10067114026395528,60.45081967213097,-0.009843469671473641,0.00825621987033861,-19.852717903252618
12:15,-0.026803670451045036,0.021887393668293953,-0.000321238098753166,34,1.999800019997602,True,-0.0007992806474172998,0.3105181658420674,73.05555555555554,-0.004628016919401335,0.03471108581890692,0.004920507949205014,-0.0007423090564379326,0.21568627028069196,76.38376383763895,-0.003327820123249679,0.0025497450254974045,-4.000199980002398
12:30,-0.027332918718457222,0.018268296495079994,0.0002198400580026023,38,5.206299622543278,True,-0.001494574046396746,0.4652544638877596,71.14093959731544,-0.004857198367975057,0.05535714285706682,0.008380840817389084,-0.002233045643175002,0.33333333324786324,76.7080745341615,-0.001894763127188422,0.005076142131979695,-0.7937003774567222
12:45,-0.02893725596368313,0.016827894374728203,-4.244699401410964e-05,6,-46.19907601848005,True,-0.00125838926174493,0.32405681013064913,73.85844748858473,-0.03948901837723219,0.04029321811718873,0.004153250268328009,-0.0002949731808091367,0.20779220752234087,82.41895261845394,-0.006365122098209185,0.0035932614681038863,-52.19907601848005
13:00,-0.031178712844848633,0.020388726145029068,7.599192051427339e-05,6,-40.156892043331666,True,-0.000606654533576112,0.3144141475233616,69.40581542351455,-0.040071716718780535,0.039662119520172436,0.00396059021292469,-0.0008639846512649432,0.09230769216566648,79.65653896961673,-0.00643507875090784,0.0030351139335076578,-46.156892043331666
13:15,-0.030094534158706665,0.02198043465614319,-0.0003328539455137731,38,5.858612159875016,True,-0.0012352902932188936,0.37042410989777963,65.74585635359117,-0.0051162489476003934,0.05508241758234192,0.007574534565811781,-0.0022635166309487803,0.11363636358471074,73.75415282392026,-0.0026394150111642106,0.00286421038927223,-0.14138784012498373
13:30,-0.03133377805352211,0.014821190387010574,0.00023871582484259778,24,-56.044212656651716,True,-0.003026540431475877,0.36610470041387116,28.806584362139972,-0.026889865171739965,0.013889985005020313,-0.003968241612827863,-0.004918742451786426,0.08749999989063068,5.426356589147601,-0.0038992044068248376,0.006227134739627929,-62.044212656651716
13:45,-0.0326865091919899,0.016054105013608932,-5.365841439530783e-05,34,-12.046983234615455,True,-0.004148962759310204,0.6962150500494156,34.95575221238917,-0.008609106742542416,0.030572655318888156,0.0004256600742897366,-0.004178493438668875,0.14166666548610204,18.18181818181789,-0.005366888523902951,0.006023491617307442,-18.046983234615453
14:00,-0.03166535124182701,0.017178554087877274,9.013416803444952e-05,53,6.987422639249351,True,-0.002936053744712619,0.36337816186814503,38.06818181818182,-0.01066561327275265,0.057308707123950066,0.002958674386104953,-0.002784958035035117,0.1263157894470914,31.901840490797547,-0.0029749079480532836,0.004741465362347774,0.9874226392493508
14:15,-0.03412056341767311,0.00943697988986969,-0.00029611344970509454,63,16.149068322981368,True,-0.002849002849002802,0.39952119238438594,29.787234042553195,-0.013238538857559884,0.035502958579872526,0.0012024844720497257,-0.003385285406258651,0.2619047618922902,15.714285714285714,-0.00422939660571851,0.0052173913043478265,10.149068322981368
10:15,-0.02031737007200718,0.024413565173745155,0.002398476171080219,76,-69.9912510936133,True,-0.06510714869949286,16.004412880738183,11.410788381742734,-0.10268487988372788,0.004570223237666758,-0.05960104986876642,1.9892710011835084e-16,0.12935323370213705,5.829596412556102,-0.06016720305930714,0.035170603674540724,-75.9912510936133
10:30,-0.02363387867808342,0.02555529773235321,-0.0014270982664448546,27,-29.237823111169774,True,-0.003817299205648772,0.965670962858384,79.88023952095797,-0.0044762954795932565,0.07426355113483482,0.02022548563581188,-0.0020657811064860435,0.6169811319590567,84.02832415420919,-0.002860397310580388,0.011739428976454693,-35.237823111169774
10:45,-0.028154980391263962,0.01586044207215309,-0.00017706621863355533,27,-49.82616205682397,True,0.00022149865993315032,0.8456746659472407,79.54960438222743,-0.004255788313110832,0.07450149907182564,0.01992337843523703,-0.0013081238950324783,0.6358490564837986,84.81510621557818,-0.0033671106647003356,0.011736829284496313,-55.82616205682397
11:00,-0.023987092077732086,0.030487746000289917,-0.0008967562684674174,27,-42.79948551913619,True,-0.0013951325375911594,0.8483350122502262,75.47633681622595,-0.005644983461950147,0.07300242706878343,0.018092429148001805,-0.002078041806347938,0.3452685421111813,79.69865186360009,-0.008225586832462724,0.008670776599991211,-48.79948551913619
11:15,-0.029448971152305603,0.015360947698354721,0.0004024342114917227,28,-70.80342216540465,True,-0.0015709376534118746,0.480937995178901,44.94949494949495,-0.009641604986356016,0.02696424964650882,0.005650506441144569,-0.0025983915644986065,0.1481481481207133,18.91891891891892,-0.0035545730748622363,0.0053102566624053495,-76.80342216540465
11:30,-0.025305259972810745,0.023093070834875107,-0.0003031947326822038,67,-26.74530242765115,True,-0.0016431603450636212,2.1054837473403114,91.7293233082709,-0.0019164955509793223,0.08731638207376556,0.04637635440954584,0.0030731877005927993,0.8444444439753112,94.5631067961166,-0.0005792620258235235,0.012343985735838704,-32.745302427651154
11:45,-0.02589401602745056,0.02848878502845764,-0.0018897621845057372,67,1.3776951160711268,True,-0.004457550404608379,1.131887281461335,81.68067226890773,-0.0063655030800385355,0.08246961449494852,0.04084177171591924,-0.0012763544045155738,0.1545454544049628,81.94174757281563,-0.005249885040852764,0.007577323138389474,-4.622304883928873
12:00,-0.029631521552801132,0.016802344471216202,-0.0038686794827971294,52,-47.479402318111994,True,-0.007484407484407485,1.3023349482451605,33.17422434367542,-0.019578313252985244,0.04984606362696108,-0.009433040078201393,-0.008654960724870441,0.08928571427774235,7.462686567164179,-0.013286276471023255,0.015640273704789834,-53.479402318111994
12:15,-0.030266758054494858,0.014481902122497559,-0.0005854746878554063,28,-13.865504605328315,True,-0.003552748445672549,0.6858814228449641,29.23076923076924,-0.016653681340069483,0.01969299131486599,-0.0020639793998217435,-0.007416577412285691,0.10909090908099174,6.896551724137931,-0.008507496774587156,0.010894325047043676,-19.865504605328315
12:30,-0.028693264350295067,0.020825056359171867,0.0003271301435567961,67,-91.45293268238984,True,-0.0014419115627575252,0.9207304004498309,80.21638330757344,-0.004585900068414912,0.08440832152647526,0.038488619954617456,0.0003261721286787446,0.5555555549382716,86.01252609603334,-0.0027834606917495285,0.0061885443168534695,-97.45293268238984
12:45,-0.03084663301706314,0.01641397550702095,-0.00032803528079713984,67,-76.45154624974265,True,-0.001650278484494172,0.6963549319637838,76.79389312977119,-0.006228610540682836,0.082618745805066,0.03553688270542064,-0.0012647233307478316,0.29545454511881863,81.00208768267245,-0.005859255461032037,0.006061023486465978,-82.45154624974265
13:00,-0.03362134471535683,0.015042610466480255,-0.0017137519057278117,119,-0.8383283732230293,True,-0.0038206985823747708,0.4862968889651836,29.63730569948177,-0.03315096251259754,0.028584978873784944,0.0026734291822107376,-0.017265219381329123,0.028985507240368028,11.567567567567371,-0.0038991253937874486,0.010122815106677325,-6.838328373223029
13:15,-0.03290360048413277,0.014694325625896454,-0.00028392232094784624,10,0.0,True,-0.00403632694248246,0.5501114508810687,60.47297297297293,-0.014245164003289363,0.04613410688359852,0.010307684103876674,-0.007230879250049903,0.0,40.04424778761038,-0.007516985692246169,0.007412147389751022,-6.0
13:30,-0.03217169642448425,0.020497716963291168,-0.0008350058933736301,67,-29.840388619014256,True,-0.005315110098709219,0.5442390406242491,66.52892561983472,-0.01368925393556681,0.07449108940366504,0.024430256766134594,-0.008268826206837441,0.03597122299570392,52.606635071090096,-0.010917223045303358,0.00964607911172803,-35.840388619014256
13:45,-0.03234259411692619,0.017261896282434464,0.00027080274049255703,86,-18.22323462414549,True,-0.002272727272727315,1.2345116158153853,73.91304347826082,-0.004018927853736862,0.10460100646941337,0.026001952489423868,0.005295049999829915,0.37373737335986235,78.16901408450695,-0.005510823799295047,0.006443215099251605,-24.22323462414549
14:00,-0.035064902156591415,0.016215357929468155,-0.0007420216251558357,67,0.0,True,-0.002568017767906716,0.4492188463695505,35.172413793103345,-0.0163586584530024,0.07158302885637476,0.019446106742745748,-0.010419097585968273,0.07299270067664741,7.003891050583468,-0.010636472721280448,0.009533087467817164,-6.0
14:15,-0.035325273871421814,0.018411841243505478,0.0019017730720375825,67,-21.5862405124985,True,-0.0006958458005705825,0.4167243461645237,32.250580046403456,-0.01704312114978074,0.07083737230578752,0.01764361813244185,-0.010854693142076582,0.05633802812933603,3.1128404669258876,-0.005779942554338939,0.00988789081540286,-27.5862405124985
10:15,-0.021481310948729515,0.03241872787475586,0.00021059091049561125,130,-5.460999362883408,True,-0.007497741644083122,0.31200692629466853,69.85915492957747,-0.011960431654654748,0.11656504065016958,0.007499772458359847,1.7289256704494077e-12,0.30833333328194445,75.65789473684211,-0.010794828386711877,0.010921998725766815,-11.460999362883408
10:30,-0.02232520282268524,0.032922450453042984,0.0005444010742665554,130,5.46448087431694,True,-0.0006371165923364508,0.2567504187603314,72.51461988304094,-0.012589928057531313,0.1158536585363499,0.006759562841529995,-0.00034860471230526964,0.24999999995833333,74.12280701754386,-0.005115358933918549,0.01092896174863388,-0.5355191256830603
10:45,-0.02869006246328354,0.01849895715713501,-0.0003950103592332006,130,33.697632058287795,True,0.0,0.17014061605763164,71.8562874251497,-0.012589928057531313,0.1158536585363499,0.006664845173041921,-0.00026800751905205504,0.24999999995833333,74.12280701754386,-0.009497453369387811,0.01092896174863388,27.697632058287795
11:00,-0.027454979717731476,0.026460986584424973,0.00031404953355551086,130,20.032780914223274,True,0.00018214936247717972,0.07407466962532579,73.92638036809817,-0.012410071942423722,0.11605691056886981,0.0066964123110545325,-7.806432549887932e-05,0.6444444441580247,74.56140350877193,-0.0016752127849862595,0.004097614277909306,14.032780914223274
11:15,-0.022835038602352142,0.030873596668243408,0.0007326854867677621,130,118.38630361533558,True,-9.105809506460005e-05,0.06234259970248331,73.73271889400922,-0.012499999999977519,0.11595528455260985,0.006640560968946369,-0.00015707015093833533,0.5714285711564626,74.34210526315789,-0.0009498765354482984,0.0038247882706493033,112.38630361533558
11:30,-0.029059942811727524,0.00827009230852127,-0.0002087150356396645,130,133.80666302566902,True,0.00045533193698199526,0.05764769164730172,73.9329268292683,-0.012050359712208542,0.11646341463390963,0.007227380302202771,0.0002799594675851198,0.6904761901473923,75.43859649122807,-0.0012395680008193597,0.0038230475150191155,127.80666302566902
11:45,-0.0296406839042902,0.009808359667658806,0.0008149970933468381,130,118.9071435054915,True,0.00282177316584753,0.17680205785093905,76.10619469026548,-0.009262589928040894,0.11961382113796827,0.009928292638649288,0.002614908677481123,0.7228915660908695,82.23684210526316,0.00022768239680496594,0.007533811382409004,112.9071435054915
12:00,-0.026513641700148582,0.02594536356627941,9.627043824906338e-05,130,20.90149036713922,True,-0.0011799945538712997,0.8622787728694613,71.68284789644014,-0.01043165467624023,0.11829268292658884,0.008638676844783668,0.0008017276244606378,0.4025974024928318,79.3859649122807,-0.0021287379870844523,0.006997455470737914,14.901490367139221
12:15,-0.030629772692918777,0.008050251752138138,-0.0009109736834447378,130,-89.10089100891008,True,0.00972373682297345,1.5129111376635367,74.60087082728592,-0.0008093525179841558,0.12916666666640414,0.017890378903789098,0.005765149915748884,0.9583333332002316,98.73684210526316,0.006403633715084559,0.012960129601296014,-95.10089100891008
12:30,-0.028559142723679543,0.02137530781328678,0.00044909280045162594,167,-18.199282139426263,True,-0.0005052801778586691,1.4217168633586572,76.82619647355155,-0.002873273515446406,0.05414335198450149,0.015959759365047236,0.0026378353120463326,0.4183673460849573,90.45226130653259,-0.004847745072772931,0.0049542490268439186,-24.199282139426263
12:45,-0.030283702537417412,0.020000291988253593,0.0005987324023762418,135,25.230225810521002,True,-0.003269206588708551,3.7246452847525076,77.55474452554762,-0.007760670922324094,0.04937781307785612,0.030420083259745215,0.009155314178988086,0.8208092476060056,92.32673267326754,0.00694313697142554,0.02182414532610061,19.230225810521002
13:00,-0.02879839949309826,0.024256842210888863,0.0010051063051771418,98,-19.940179461614914,True,0.0002099406917546176,0.5324870367252419,83.64864864864873,-0.0027734170591168085,0.07867776079652077,0.016651099333578317,0.006358204513035993,0.9499999984166743,99.24242424242425,-0.002588391943364833,0.0031484493886760768,-25.940179461614914
13:15,-0.028805984184145927,0.026217130944132805,0.0013182327797264118,167,11.131349929163216,True,-0.0005562579013905777,0.4382778378067099,73.20916905444126,-0.003730214739351376,0.053237410071375085,0.013247318356608096,0.0013907393104495818,0.30666666584891317,87.60469011725317,-0.0043887657787578145,0.0037947783849423193,5.131349929163216
13:30,-0.02884341962635517,0.02759976126253605,0.0006158645898639118,98,-12.002296091425947,True,-0.0018231065736014074,1.1515935100956987,93.94313967861572,-0.0030175329067008896,0.08467764759107553,0.02110838595209521,0.010482343552408763,0.7251184830686652,92.91819291819296,0.0006609896627772708,0.011010802066482236,-18.002296091425947
13:45,-0.027347229421138763,0.028860636055469513,0.0005795359727132245,98,66.32626204137448,True,-0.008662526744246724,1.4494230080313897,71.44754316069069,-0.01165392019139656,0.0752815984599803,0.012226140969626842,0.0015897637788997913,0.21678321670742073,72.64957264957278,-0.00772471042442663,0.015055008685581886,60.32626204137448
14:00,-0.031869348138570786,0.01988925412297249,-0.00014406704206827166,123,102.9411764705875,True,-0.003094966606939198,2.0923119052247374,87.77173913043453,-0.007299270072755904,0.059923796326292945,0.03839215686274507,0.011956159960298137,0.494382021360938,87.56906077348067,-0.002117159985990827,0.014542483660130681,96.9411764705875
14:15,-0.03297381103038788,0.021835677325725555,0.0002959106155424019,94,-34.39750618080116,True,-0.0012346341725267829,1.211307266197678,92.60869565217372,-0.024331410592298618,0.03349441759669503,0.013745028485434721,0.008766049130926917,0.3898305078138404,89.26974664679574,-0.002296119122982482,0.006342040202085324,-40.39750618080116
10:15,-0.02621273137629032,0.026034770533442497,0.004730761834806508,133,62.335958005249346,True,-0.011673151750972721,1.1703179930281367,57.72357723577235,-0.015440273919483894,0.06357736059730117,0.007355643044619446,4.2586313594789126e-13,0.22653721681381636,44.675925925925924,-0.008813269189349176,0.020275590551181104,56.335958005249346
10:30,-0.026478946208953857,0.02493421733379364,-0.00020517392724533643,167,7.008760951189442,True,-0.0008503401360544505,2.0323360785244247,75.52631578947381,-0.004683840749367888,0.06448174793429809,0.019258072590738348,-0.0004452432270356835,0.726744185623984,77.61904761904741,0.005725128977688088,0.01722152690863584,1.0087609511894424
10:45,-0.02817077562212944,0.017907720059156418,0.0005451555346693437,166,1.8377848566525026,True,-0.0009180488401983045,1.4508271896440523,73.05194805194799,-0.004634146341406845,0.04654442877232289,0.011714040676304731,0.0019916495218271044,0.778225805824013,88.46960167714886,-0.001137997279617914,0.015192354814996435,-4.162215143347497
11:00,-0.02817077562212944,0.021960467100143433,0.00014369506444382742,166,13.496932515337702,True,-0.0014702278853222506,1.0680931874397415,70.75471698113202,-0.006097560975535396,0.045005769969932,0.01029693251533735,0.0004842637173536221,0.7934272293019436,83.43815513626816,0.0009310858820902215,0.013067484662576798,7.496932515337702
11:15,-0.02679455652832985,0.017883483320474625,-0.0006463748584979607,115,59.904153354632584,True,-0.002946563669666391,2.8671047842205644,81.67259786476845,-0.008630928814496374,0.04857621440454646,0.021701277955271624,-0.0011423934623518742,0.4328358202494998,84.5528455284554,-0.006598278046165375,0.010702875399360913,53.904153354632584
11:30,-0.027516869828104973,0.018935492262244225,-0.0004938338689553499,81,115.47774259638666,True,-0.008586464777028846,1.6142879429569812,83.42760180995475,-0.012416076519808316,0.17644480964100087,0.05812721177127957,0.0005303260273919043,0.300518134699455,81.76907494935854,-0.010229385967909635,0.017973551871856955,109.47774259638666
11:45,-0.028421832248568535,0.016465170308947563,-0.00027232948673457845,43,6.701851386445759,True,-0.005277631176911712,2.088584942401435,75.41313986295857,-0.005885128945379735,0.07443744374415108,0.030946357264527692,0.004192276422269364,0.6124314441293514,88.07649043869502,0.00024906333720542927,0.015274636284940458,0.7018513864457594
12:00,-0.029688989743590355,0.015792490914463997,0.0002533341333935279,81,103.55987055016182,True,-0.0012928248222365823,1.4043025297434437,83.47064881565396,-0.005334314356658388,0.18488085456019185,0.06105131761442445,0.005224398795910614,0.6184210525908933,92.13559322033899,-0.011043984262142084,0.014054553860379104,97.55987055016182
12:15,-0.02850175090134144,0.018283532932400703,0.00025855871141384107,47,-82.88488897136197,True,-0.0016056320632371612,1.0596694933569475,84.23645320197056,-0.002468069352733584,0.04128558546926915,0.020999567019236744,0.0005095713562465795,0.6699999993300045,91.93548387096776,-0.005238400218409837,0.0061854394754747325,-88.88488897136197
12:30,-0.031139079481363297,0.014048069715499878,-0.0012034374780278412,57,-40.98360655737705,True,-0.0027563919779488577,0.71951437243328,41.52046783625731,-0.00990846465979068,0.014798336396141216,-0.0019843690430804144,-0.0032850676273873318,0.03773584904236383,1.8691588785046729,-0.0027860028413524466,0.005051467784979032,-46.98360655737705
12:45,-0.029951056465506554,0.018954722210764885,-0.000573938055255146,37,-9.37620649716023,True,-0.0015052776502982868,0.8506757755053399,91.32748904195371,-0.00269526952694772,0.13080809130760102,0.053653227437354116,0.0005623039718250317,0.39240506312557816,95.1660637948044,-0.00985401684212876,0.00435717831338588,-15.37620649716023
13:00,-0.03412739187479019,0.012968357652425766,-0.0001293174619760281,106,-44.79981853238114,True,-0.005526731333182933,0.3242685593798292,55.00667556742322,-0.011547085201728946,0.06872727272685626,0.01630373142792333,0.000488309728498678,0.11267605625868807,52.09302325581417,-0.006351109245939165,0.008052625609617808,-50.79981853238114
13:15,-0.0319402776658535,0.019017506390810013,-0.0009002769771284617,166,-63.497934775907495,True,-0.005090775269872561,0.49864655489428694,62.68174474959596,-0.010914634146208413,0.03994101807872877,0.004383206953948524,-0.004542257230018437,0.06451612892819565,66.87631027253634,-0.006847723927075866,0.007644411565254973,-69.4979347759075
13:30,-0.032857589423656464,0.01820768415927887,0.0008461586500697512,166,-51.915945611867066,True,-0.002527587694963307,0.42298648029184405,35.84905660377362,-0.01341463414617787,0.03731247595797781,0.0016897404202718934,-0.006895804631862264,0.03597122296982534,58.280922431865676,-0.009299401443156961,0.008590852904820822,-57.915945611867066
13:45,-0.03161061182618141,0.02182367816567421,0.0007787008421564555,81,26.895199890595798,True,-0.001638374368543194,0.9071508587329887,80.73959938366718,-0.0040858945839160245,0.2016981648861115,0.06034462323927606,0.011674924541469007,0.6616541352885974,92.5311203319502,-0.00760581812263336,0.012125632493048275,20.895199890595798
14:00,-0.03400251269340515,0.018768656998872757,-0.0008877426075633183,111,-40.946069716070845,True,-0.004398433728477147,0.3828341373601564,58.68448098663919,-0.015331564986656115,0.07712395543130723,0.018352459458003383,-0.003204208735334706,0.11797752802360331,44.42307692307675,-0.005334907471064385,0.009590000538764052,-46.946069716070845
14:15,-0.03492555767297745,0.018577251583337784,-0.0012705891793891259,133,-45.10983263598326,True,-0.006882223087910644,0.8620202769667261,45.23076923076923,-0.012396694214860025,0.06748551887770607,0.00486401673640165,-0.005278195287734321,0.0,28.88888888888889,-0.010707934279688709,0.012552301255230125,-51.10983263598326
10:15,-0.015354713425040245,0.03405090421438217,-0.0032388517477834654,97,-176.84163099797254,True,-0.08408129578046009,14.489206748385008,6.6341463414634205,-0.13046033300660048,0.008749005794776164,-0.09889840054066236,4.097745896692422e-15,0.34529147978965996,7.684630738522954,-0.08128052888857691,0.025118269880603738,-182.84163099797254
10:30,-0.03133350610733032,0.01901388168334961,0.0006985163255226339,143,19.24619085806007,True,-0.0073236745741124265,0.865747288113225,44.87632508833928,-0.05787246902212528,0.019123896697642313,-0.016686447473937445,-0.0035146185263578134,0.039370078678157214,6.779661016949392,-0.022226272126384884,0.020368885324779543,13.246190858060071
10:45,-0.027644164860248566,0.022642284631729126,-0.0009539594211790532,74,-172.01631494945792,True,-0.0035341933203746345,0.20177927691807326,65.97402597402582,-0.013039292902660102,0.032783882783582526,0.016682035821954117,-0.002463305487620848,0.09090909079103253,51.77993527508075,-0.00675147668692818,0.006827451675829088,-178.01631494945792
11:00,-0.029951924458146095,0.019534384831786156,-0.0016485164912871974,123,-60.83893691962965,True,-0.007310870947234593,0.7493836829225151,36.86006825938569,-0.06046931407760311,0.08174575683818,0.00332372718539869,-0.008695383304994543,0.0,0.0,-0.011792494087740399,0.020973422990714093,-66.83893691962965
11:15,-0.029681682586669922,0.017240755259990692,-0.0007718856408759465,41,-63.43283582089552,True,-0.003272835465635282,0.9625028000361594,50.93457943925233,-0.027223230489978625,0.019631715111825244,-0.004314925373134306,-0.0020124556682390047,0.12499999996875,70.2127659574468,-0.0028360675755447085,0.005970149253731343,-69.43283582089552
11:30,-0.029875321313738823,0.019106296822428703,-0.0006425367267618959,74,-85.38558331835343,True,-0.009878081338435596,0.45947787632027043,38.074398249452926,-0.02634112190403144,0.018864468864296033,0.0024105698364190087,-0.011648892051568714,0.04477611938070181,2.903225806451173,-0.014876319696926332,0.018065791838935745,-91.38558331835343
11:45,-0.028820311650633812,0.01943119429051876,-0.0006585364819161817,74,-28.87044388307511,True,-0.0037749415782849516,0.5779759927761217,29.65367965367973,-0.03001662728598914,0.015018315018177573,-0.0013929989173582361,-0.012537614650892984,0.10407239814296125,6.284153005464955,-0.015509795059796511,0.019938650306748587,-34.87044388307511
12:00,-0.029994508251547813,0.01928579993546009,-0.0010409188061989575,74,22.63262719536484,True,-0.003428365211115336,0.5833428649496893,25.000000000000114,-0.033342084536332126,0.011538461538355792,-0.0047908745247149595,-0.013486218382613976,0.04661016947177168,2.8061224489793566,-0.016198154781847437,0.021365200072424328,16.63262719536484
12:15,-0.03191674128174782,0.01523951068520546,-0.0006811291281903039,81,11.941943781003124,True,-0.0032960996154550726,0.2847417483287056,39.35018050541516,-0.015287200361813398,0.19265954532983548,0.023409884255006445,0.0029661358524446083,0.45054945049993966,40.70175438596491,-0.0016809483336388581,0.008359360646702186,5.941943781003124
12:30,-0.031680598855018616,0.016649562865495682,-0.0010155869589140302,74,89.74707642099621,True,-0.0032529140688534186,0.7318659151994206,24.235807860262085,-0.0346547650298885,0.010164835164741998,-0.006220650892938157,-0.01113036895963214,0.09166666659027019,2.702702702702476,-0.003213430667284552,0.010878433505575198,83.74707642099621
12:45,-0.029816757887601852,0.020469557493925095,-0.0007355894515874699,30,30.64351378958043,True,-0.0038439796495194356,1.1108511701450803,70.16949152542361,-0.045498862527451,0.019791666666208553,0.005313812280104562,0.0016449535826700283,0.16279069729583467,65.04854368932057,-0.003560513000065972,0.009760526614459095,24.64351378958043
13:00,-0.034336842596530914,0.017013967037200928,0.0009694180997338507,30,41.05371193978815,True,-0.004766768811712674,1.0030953582308597,60.24464831804266,-0.050048748780196155,0.014930555555209914,0.0007800205268560643,-0.0028632698610091207,0.008695652158792148,44.660194174757144,-0.01033369421652747,0.013114380202987799,35.05371193978815
13:15,-0.03435729816555977,0.015175051987171173,0.0007744430784940581,138,17.01403658017889,True,-0.0008499787505312772,0.36586147377586614,50.753768844221,-0.029815330650370033,0.035454745649956876,-0.006852403232666908,-0.004530006687746607,0.15384615305720145,54.285714285714285,-0.0009587647151826789,0.0041471714164186425,11.014036580178889
13:30,-0.03367140516638756,0.011573325842618942,-9.177028264999133e-05,152,-1.0751532093325744,True,-0.0020386266094419847,0.152168656137647,71.90635451505023,-0.008422174839995475,0.06736286435543541,0.010477368024943558,0.00421996956515715,0.2820512813280811,84.14634146341463,-0.0014435029419559856,0.004193097516396062,-7.075153209332575
13:45,-0.034512538462877274,0.01569638028740883,-0.0003123252353917025,127,-38.57590613196138,True,-0.004201512544516062,1.142053893485345,72.27926078028729,-0.01636363636360406,0.14095775164445135,0.01905368480270028,0.004084586246308853,0.17288801568312784,75.92910234419655,-0.008930523848362711,0.010226633448525386,-44.57590613196138
14:00,-0.03350776061415672,0.019038382917642593,0.0002428840320599691,54,-17.069007559133027,True,-0.006540697674418561,1.198408262012196,73.76237623762377,-0.03209818267566435,0.0762367143399492,0.01280663252865157,0.0058126444199150746,0.22972972910884543,85.07853403141377,-0.005795648838487299,0.009022189709826843,-23.069007559133027
14:15,-0.03492555767297745,0.013407547026872635,0.0011011368398818062,166,-35.00656373070036,True,-0.002307596357739805,0.7226062865461964,36.658932714617286,-0.024573170731407617,0.025580202589747716,-0.00817778333437512,-0.003705271845963464,0.3157894728531919,35.66176470588246,-0.0006478125532722802,0.00475089079202359,-41.00656373070036
10:15,-0.028906000778079033,0.02130732126533985,-0.002432142436651116,65,33.12412831241243,True,-0.01730340928559193,0.653036133248338,31.905781584582613,-0.05190082644542309,0.022459893047728028,-0.024426429567642897,2.5171248937227833e-14,0.07346938769512516,6.4056939501777945,-0.01863678287878787,0.02135634588563459,27.12412831241243
10:30,-0.02947700396180153,0.018321316689252853,0.0002745712479275402,65,67.24303554274776,True,-0.0018305439330544848,0.41232707991503137,31.769722814498905,-0.053636363635477156,0.020588235293750572,-0.02568159986027413,-0.0011249180304109805,0.23333333294444067,8.974358974358816,-0.017121712521539528,0.01047943411055803,61.24303554274776
10:45,-0.030146483331918716,0.018807489424943924,0.0004980798812437887,32,-10.059687479042319,True,-0.0018074708796358419,0.4226891169507995,44.54382826475841,-0.04232498394320928,0.0238961752384543,-0.015414123801220526,-0.002768239485546875,0.07462686561594958,37.857142857142534,-0.006190085866010058,0.008986654147944532,-16.059687479042317
11:00,-0.02952904999256134,0.018507804721593857,0.000612013528589551,54,0.0,True,-0.0015619368016339674,0.17920369785147008,62.61127596439167,-0.019353316025032936,0.09040808292637686,0.021092659446450085,-0.0026446258119279848,0.07246376790590237,72.91666666666679,-0.008640524420857894,0.008303249097472896,-6.0
11:15,-0.03083336353302002,0.018261168152093887,0.0016939591412437733,152,33.82731958762862,True,0.0007522837184310571,0.09695476568830756,48.49624060150386,-0.007249466950882153,0.06862520082546915,0.00513745704467353,0.0006728269735094646,0.5581395322877502,89.97050147492662,-0.0015416004553614067,0.0023088487972508344,27.827319587628622
11:30,-0.02967855893075466,0.015475621446967125,0.001296795860848486,54,78.29438689472416,True,-0.0019235393123345768,0.15667680359357128,62.13872832369958,-0.020297380221375956,0.08935835191997488,0.0188701517706576,-0.003177777390674401,0.22641509348523658,68.38235294117672,-0.005456925570456107,0.0063840038544928385,72.29438689472416
11:45,-0.02960420586168766,0.014457983896136284,-0.000664110672461644,5,-14.443214096576959,True,-0.0038845194705543484,0.7168302802791805,58.75486381322963,-0.01596551070668986,0.030921183243687478,-0.00404602570892131,-0.00024775088885020923,0.39444444400616774,58.55513307984785,0.002297585048681921,0.008665928457946176,-20.44321409657696
12:00,-0.029816757887601852,0.01478356122970581,0.0006246020617401794,98,-55.67473694963665,True,-0.004677173360447373,2.328343909569467,80.51282051282045,-0.006041529166847579,0.10816777041881374,0.018906936357135598,0.0007036369554936084,0.3959390860934287,83.40306834030672,-0.004735508866766726,0.010062314843191362,-61.67473694963665
12:15,-0.030598681420087814,0.01820891723036766,-0.000513642512881796,74,73.40643003159137,True,-0.00536044362292043,1.9022211030017213,23.38028169014079,-0.05819550188099943,0.010421556661248636,-0.03172644489871771,-0.0034068611838125153,0.02197802195387552,21.553398058252693,-0.0010025588209477219,0.008455677383385903,67.40643003159137
12:30,-0.0302358940243721,0.017011109739542007,0.0004382122748483978,38,-19.62158374211633,True,-0.004603794642857095,0.4536693752189925,29.476584022038566,-0.07982976528233192,0.027727763773816742,-0.045896285914505994,0.0021221333067472452,0.39639639632497364,33.92070484581498,0.0025811118971475313,0.0077785564120532585,-25.62158374211633
12:45,-0.028403552249073982,0.02000083215534687,-0.0001002348371214149,84,71.42857142857106,True,-0.0024291497975708065,0.670017155087406,75.8620689655173,-0.005649717513941898,0.13968547640556206,0.014883116883116894,0.0019672735245569385,0.3749999986607168,80.44692737430165,-0.006091850611509836,0.009090909090909129,65.42857142857106
13:00,-0.03290360048413277,0.012988012284040451,0.0002068859553653369,53,31.332120477056804,True,-0.002721499848805542,0.40344462723539115,76.56731757451182,-0.022911317400727917,0.05026272490839099,0.02417930058621382,0.0033805263249015857,0.04918032786347756,78.03030303030303,-0.008916162269468678,0.009248029108550637,25.332120477056804
13:15,-0.03290360048413277,0.015926659107208252,-0.0006496920290751275,163,-51.541811072602705,True,-0.003718459495351989,0.18247290238530908,62.65560165975104,-0.07291151754218883,0.024117218781933326,0.001851950590953501,-0.001353775881527868,0.0,61.66134185303517,-0.004454397377036394,0.003998933617701972,-57.541811072602705
13:30,-0.03073778748512268,0.023990683257579803,0.0007426458875874742,17,48.824798455773816,True,9.08450864163246e-05,1.0630959527564907,96.32945389436034,-0.008600310691832815,0.04340923631011201,0.02096105370727823,0.005979244599660242,0.6957671955831318,91.78571428571429,-0.0011022312125231564,0.0085840808447826,42.824798455773816
13:45,-0.03217169642448425,0.015218116343021393,0.0006896975902520405,163,-8.92140244446503,True,-0.0027580071174377885,0.24971920841138828,63.169164882227015,-0.07653649694541628,0.020112850380404803,-0.0014149344276920951,-0.00509639950966793,0.21929824369036618,45.87458745874588,-0.00951619199214067,0.010170398786689272,-14.92140244446503
14:00,-0.03400251269340515,0.012445680797100067,-0.0004804879994327566,145,-29.571514785757945,True,-0.004326403076553298,0.47542003922816056,58.89464594127805,-0.0809761508592292,0.04926545086088355,0.003678937839468922,0.0051229065818638895,0.20338983033611488,64.2857142857142,-0.006525108046140724,0.00712130356065189,-35.57151478575794
14:15,-0.03272515535354614,0.021732285618782043,-0.0005926717506379918,17,-19.509096683452327,True,-0.001494971459635841,0.9564144868369162,85.84656084656099,-0.00754215728210473,0.044522901215447816,0.02008438818565402,0.005756532989306979,0.4392156861022612,86.98817106460397,-0.0030460079684003255,0.005784674016605418,-25.509096683452327
10:15,-0.02792680263519287,0.018747426569461823,0.0014722033340295955,103,83.58817533129506,True,-0.0010183299389001643,1.2901613834042895,63.55140186915885,-0.06375262454545229,0.031220435193288803,0.0017961264016309313,3.859094491389172e-14,0.6363636352066115,68.0,-0.0012349355491761058,0.011213047910295617,77.58817533129506
10:30,-0.02963407151401043,0.01057780347764492,0.0005713322988370888,124,-40.8115671641791,True,-0.0061420790358094335,2.134191993277454,84.76821192052981,-0.007407407407405693,0.10302250803855871,0.04547574626865672,-0.0038516229777793938,0.6167664670584818,88.23529411764706,0.026850882798581815,0.01947294776119403,-46.8115671641791
10:45,-0.02867893874645233,0.017374232411384583,-0.0008220136153545528,2,35.83328094549598,True,-0.003570533700826939,0.6604415209330112,36.778115501519814,-0.013335814414919541,0.029512652902342815,-0.004152888665367445,-0.0021382653867210322,0.05769230758137356,22.560975609756248,-0.006521920484009749,0.006538002137423833,29.83328094549598
11:00,-0.02967997081577778,0.015482621267437935,0.001407491414796421,147,-44.28363125776277,True,-0.0031761412575366244,1.6375295706405586,82.82442748091631,-0.06926363407543285,0.031587743730830696,0.018429551223200138,-0.0007326909911665396,0.42187499780272353,78.48837209302297,-0.0025185223794911655,0.010368850245720082,-50.28363125776277
11:15,-0.03021494299173355,0.014772623777389526,0.0006355396559593342,134,53.38637077357922,True,-0.0014633636458660781,0.49427522039130733,69.48228882833779,-0.02857433394288035,0.0739741427751776,0.018092745734324168,0.0017489322893597863,0.6301369845749586,86.89320388349493,-0.0015816725461019658,0.007641578561708317,47.38637077357922
11:30,-0.029343100264668465,0.014749119058251381,-0.0006775031886913931,162,-20.837054235875453,True,-0.005093881419178992,1.0758854293148716,39.666666666666515,-0.042905982905493925,0.023458445039928607,0.005256891111508099,-0.0045755165689659524,0.11510791350345091,14.479638009050039,-0.003267051841330821,0.008275287253676305,-26.837054235875453
11:45,-0.030607225373387337,0.015373392030596733,-0.00015360028218471667,50,16.837593754783406,True,-0.005661928099601199,0.3279420572759631,40.116279069767444,-0.013737922705272531,0.17024325583000657,-0.0032530231134240773,-0.0048540646188301225,0.020080321277076103,18.571428571428573,-0.006385979322749068,0.007622837899892879,10.837593754783406
12:00,-0.030578721314668655,0.015568580478429794,-0.000474951251418175,48,-48.39845124956001,True,-0.0033327486405894113,0.28005058039262165,56.32411067193676,-0.038253215978269715,0.03205885024061019,0.010253431890179552,-0.005273910795989406,0.10526315787626962,55.38461538461539,-0.008985045538759184,0.01003167898627244,-54.39845124956001
12:15,-0.031269051134586334,0.013796839863061905,-0.00014192768958189904,107,13.500135001350014,True,-0.001617395992452142,0.5554437933811985,44.38642297650131,-0.014807589998200378,0.047219604146942096,0.011125911259112662,0.001018219263852407,0.7399999998519999,35.52123552123552,0.0039396222813307315,0.00900009000090001,7.500135001350014
12:30,-0.029389886185526848,0.013025322929024696,-0.0015764008099485292,122,-21.630361161484053,True,-0.004090780512218006,2.2574137800823038,62.05162587998656,-0.017832618025712885,0.07658833768476314,0.010286875396010276,0.00037230128321949897,0.6146953403916267,82.33360723089562,0.002220552031997917,0.012191658109200393,-27.630361161484053
12:45,-0.030433427542448044,0.013506349176168442,0.0011929936135219833,122,-50.650598201030085,True,0.000764709738032332,2.06392347998663,62.4917163684559,-0.017081545064341105,0.07741161527044088,0.010776788053445133,0.000890265808416093,0.6774193547173042,85.20953163516843,-0.0015888406867748859,0.012182342153523552,-56.650598201030085
13:00,-0.032935064285993576,0.014307521283626556,0.0002231275833903444,7,-26.5225933202362,True,-0.0023520188161505473,0.5216189231088315,64.17445482866057,-0.007216695923471742,0.0841320553771658,0.018811394891944968,0.0009549752778573497,0.13953488355868343,72.07547169811298,-0.0072788308779047125,0.008447937131630782,-32.5225933202362
13:15,-0.031797539442777634,0.012553669512271881,0.00014378541921401973,72,36.51784662504444,True,-0.0022918258212376585,0.3892213014139201,66.94677871148465,-0.006495406401702983,0.06645728643132588,0.009575921781128408,-0.0019011685642913389,0.18978102162075036,71.89873417721485,-0.007143675561189581,0.008069266109082368,30.51784662504444
13:30,-0.029134653508663177,0.02405250445008278,-0.00043145830489081823,122,28.465075541931245,True,-0.006525995214270219,0.35078449692299957,49.21445404556166,-0.01995708154502155,0.07425963822813192,0.006640683161812901,-0.0021371997819770636,0.11428571425306122,72.28596646072388,-0.004924009489498112,0.0076636741843661045,22.465075541931245
13:45,-0.02921213023364544,0.02428237907588482,0.0007133306572135211,122,-0.8777319406645225,True,-0.0021458287716225044,0.38439122945593074,65.29442417926009,-0.022060085836862572,0.0719544609882342,0.004046783112437463,-0.0041273326251556695,0.2287334593140303,63.63636363636356,-0.007110797300982409,0.011608004915298788,-6.877731940664523
14:00,-0.031963080167770386,0.027736444026231766,-0.0002189428470440361,122,64.65659431285793,True,-0.002216273150179804,0.39381022979959107,62.744116174261656,-0.02422746781110673,0.06957871709813572,0.0013441534164632578,-0.006118336005497481,0.06946983545348256,54.72197705207449,-0.012583460425116513,0.012029645268412794,58.65659431285793
14:15,-0.03285076096653938,0.020174328237771988,0.0006187580876810998,4,7.256894049346879,True,-0.0018832391713746732,0.5028095058460019,61.885245901639095,-0.018518518518386623,0.03976458160386509,-0.0016690856313497492,-0.00038152600261846765,0.04054054048575063,49.6453900709223,-0.003973897931341631,0.005370101596516592,1.2568940493468794
10:15,-0.025452667847275734,0.028198638930916786,0.00637221574063515,44,57.68787016383356,True,0.0031635802469134333,1.2835324686557033,97.53086419753099,-0.006799083269567692,0.08649506936175004,0.036037227905545796,9.793804957022725e-15,0.36879432571801174,83.20754716981115,-0.0018766451206887246,0.010845319590800638,51.68787016383356
10:30,-0.025452667847275734,0.022243095561861992,0.000779539349726744,134,37.4531835205988,True,-0.0041224970553591644,1.0147624972109353,87.5957120980093,-0.010242903131201863,0.14064080944034538,0.053625073920756966,-0.0026171065288185134,0.6729857813526214,85.47717842323667,-0.008845394936141008,0.02079637295485908,31.4531835205988
10:45,-0.03005124256014824,0.007626786828041077,-9.930318144162291e-05,44,7.642922653622745,True,0.0010711553175211108,0.7614436625175361,97.89473684210539,-0.002135448444140669,0.09343138893375527,0.039743197798838274,0.003238531016608953,0.8028169002777266,93.72197309417052,0.0036777933805128946,0.010852950168144332,1.6429226536227448
11:00,-0.02578633464872837,0.024385275319218636,0.00043903066614266536,106,49.61832061068653,True,-0.0004360148245040607,0.6154347365734064,90.03115264797498,-0.0017961138627235584,0.11151515151447568,0.029382769901853952,0.0013814205883186032,0.7053571422273649,94.88372093023263,-0.002491734831539836,0.006106870229007659,43.61832061068653
11:15,-0.024400297552347183,0.030254308134317398,-0.00021682064194864412,44,64.23982869379086,True,-0.0012221203788573831,0.6969798447321561,93.54838709677395,-0.003960999390555169,0.09276282801115222,0.03670388498011618,0.0015054389101493016,0.587301586369356,88.01843317972336,-0.005270725831681755,0.009635974304068453,58.239828693790855
11:30,-0.02733064442873001,0.0119202621281147,-0.00019046851971756662,152,-45.92545124425884,True,0.0008016674683342107,4.113913173895283,69.35483870967798,-0.008629361003667528,0.07447785173198898,0.005026166826871748,0.0006633360217069738,0.9323308256656608,68.51063829787195,0.0016622180894283983,0.007102424436612173,-51.92545124425884
11:45,-0.023259758949279785,0.027157802134752274,-0.0007285222061005542,152,-8.037723716643447,True,-0.00341770799957275,4.044912235426865,57.48663101604317,-0.012017576367070619,0.07080560018280008,0.0015486014360733577,-0.00209926580578208,0.45112781887048603,41.276595744681046,-0.003308446988314027,0.007126781695423832,-14.037723716643447
12:00,-0.02603176422417164,0.030332667753100395,0.0010603015891582318,152,31.099195710455522,True,-0.0006430178973314549,0.09282563269095383,55.98958333333334,-0.012652866747708736,0.07011705301732712,0.0008890080428955116,-0.002726137897826564,0.19047619011337868,36.170212765957444,-0.00387418214008081,0.005630026809651474,25.099195710455522
12:15,-0.028998659923672676,0.02250482700765133,0.0002630483621291273,146,23.245516936019733,True,-0.0024293286219081445,1.4060789159150873,88.11320754716988,-0.0050660792950426225,0.11475814412352522,0.03933584237325665,0.0062417919499446715,0.3866666656355525,90.41666666666663,-0.006089844118456855,0.008301970334292672,17.245516936019733
12:30,-0.02603176422417164,0.027882976457476616,0.000810477172726707,152,35.40772532188792,True,-0.001285897985426554,0.09134707701205112,55.649717514124355,-0.01318227539824048,0.06954326371276634,0.0002725321888411002,-0.003232161011389402,0.11235955030930324,31.914893617021278,-0.0015904307749278297,0.004774678111588031,29.407725321887924
12:45,-0.02832607552409172,0.020209509879350662,-0.00021575965205341527,44,-36.57421517830068,True,-0.0031900349384778037,0.8010120205936972,81.14285714285741,-0.005003790750492671,0.09677419354676976,0.03266382200548626,0.002681801268429419,0.30526315725208714,82.53968253968276,-0.0039050759520907596,0.0072386467540384025,-42.57421517830068
13:00,-0.03156111761927605,0.02161136269569397,-0.0007394765935549428,71,-5.569996286670408,True,-0.0032386416211714897,1.711964564626992,83.36633663366325,-0.004160118332216326,0.082939579771962,0.03821945785369483,0.010303222178286319,0.780487804497323,88.9705882352941,0.0007285453651448004,0.019030820646119568,-11.569996286670408
13:15,-0.03038717433810234,0.022328268736600876,0.0008285483662457573,71,-5.570513415652299,True,-9.28332714446034e-05,1.3705335402994907,82.9317269076302,-0.004252565406265703,0.08283904694799585,0.03701420480920986,0.008926178026528907,0.606837606318932,88.72549019607808,-0.0035283371276864373,0.01086250116052367,-11.5705134156523
13:30,-0.031696565449237823,0.01620658114552498,-0.00015861365519345114,85,2.7122321670741183,True,-0.0031093686629715123,0.5686400542312735,41.874999999999986,-0.007002423915782382,0.05192582025529452,0.0032953620829942365,0.00039755299756429817,0.04761904739227479,42.499999999999716,-0.0038741711644044784,0.005695687550854261,-3.2877678329258817
13:45,-0.032793208956718445,0.018516186624765396,7.640381101998122e-06,20,43.425395171096056,True,-0.0019070735090153113,0.5622995423017304,65.65656565656566,-0.01370567072124918,0.02629467867008976,0.007712350182386597,-0.0008893597564021931,0.0,61.206896551724135,-0.0026237688145380575,0.002258120548896995,37.425395171096056
14:00,-0.03411387652158737,0.01264113187789917,0.0003011113068849605,102,14.947683109118087,True,-0.0026833631484793896,1.2189092524318013,60.150375939849624,-0.00594353640412515,0.19978479196413354,0.03356173393124069,0.0018706385037074859,0.28846153818416903,73.26203208556156,-0.009259873544332315,0.0062182361733931785,8.947683109118087
14:15,-0.034082815051078796,0.01921093463897705,-0.00037512017874599294,43,26.560424966799214,True,-0.0021258386019159525,0.5330542410541402,80.41095890410983,-0.004270090085114548,0.08442844284403114,0.02488988490482514,0.006687366741525073,0.17112299456090888,84.9368318756074,-0.00789629513426026,0.005173749446657889,20.560424966799214
10:15,-0.021895881742239,0.023943662643432617,0.005086329619154333,101,145.96670934699074,True,-0.06634787806335929,17.653781006228538,5.193075898801581,-0.08724361596396163,0.010676156583560815,-0.07243149807938536,5.822629332695942e-16,0.22088353410697664,10.679611650485437,-0.070034257973949,0.0478233034571063,139.96670934699074
10:30,-0.02961074188351631,0.014385886490345001,0.0003320409567030254,59,90.5835264377508,True,-0.00021061499578778342,1.2589200674648475,81.78438661709956,-0.03568526543854496,0.05959821428527078,0.02403202022329888,-0.0001344951679918635,0.7705882348408251,72.93447293447286,-0.0003352661561148439,0.011937363949160874,84.5835264377508
10:45,-0.02959253266453743,0.014332376420497894,-0.0007832028861923871,55,22.191076851202723,True,-0.00337562565475491,0.5408436738682865,35.71428571428561,-0.037544964027932864,0.013974419705969422,-0.0030320018687222654,-0.002058921218666965,0.2037037029492506,10.091743119266285,-0.003843523880740706,0.006306937631394507,16.191076851202723
11:00,-0.030764728784561157,0.014568321406841278,0.00021785171637187415,118,-57.763975155279226,True,-0.0024783147459727095,0.3096246040627951,35.38011695906425,-0.060457516339516425,0.029477588080890807,0.0026819875776397414,-0.0027329402065280803,0.19021739120096787,12.727272727272727,-0.0038706038276309566,0.011428571428571486,-63.763975155279226
11:15,-0.0296228788793087,0.01680929586291313,-0.0006653380516468526,60,3.9356797481164962,True,-0.0006180816991627758,2.0141619824846453,84.28324697754749,-0.0028033191298465986,0.060963970412716575,0.023681547284381016,0.0030367969416211595,0.7382198952106577,89.6694214876033,-0.000712980797670047,0.010738783312717867,-2.0643202518835038
11:30,-0.027746953070163727,0.02253604680299759,-0.00016452243605228047,59,-14.61377870563611,True,-0.001389854065323104,1.0865017130530819,87.12121212121119,-0.026950162513360278,0.06919642857091372,0.03111343075852473,0.004360496550266003,0.7434554969929523,88.70967741935465,-0.0006603088903776311,0.013291579679888752,-20.613778705636108
11:45,-0.028499308973550797,0.016882166266441345,8.723681463371148e-05,86,41.88739682148549,True,-0.002641764452908979,2.09101295018468,87.45910577971648,-0.006487148102775421,0.1670740474466782,0.0353369471479612,0.0033384064787267773,0.46733668318224986,87.4258600237249,-0.004683631860855425,0.01225822348158192,35.88739682148549
12:00,-0.027424415573477745,0.024767624214291573,0.0006531927516074392,121,-80.98159509202527,True,-0.0008989865969269983,1.3363999773750246,90.52453468697138,-0.02667197452186828,0.0854124123220206,0.04863312883435579,0.0037115449824996673,0.7911392395048893,94.03254972875234,-0.005372250807812273,0.012924335378323071,-86.98159509202527
12:15,-0.029607076197862625,0.02456267550587654,0.00039631687251714243,121,-41.90288390436209,True,-0.004417177914110448,0.8851291104183622,84.65189873417715,-0.030971337579124732,0.0806179525866888,0.04305151589844706,-0.0006798528543148182,0.1122448977301037,84.26763110307405,-0.011965840093025842,0.008051926711034389,-47.90288390436209
12:30,-0.030501242727041245,0.016071468591690063,4.20972386458763e-06,152,-35.292878213232434,True,-0.005239991616013406,0.24751320282499892,55.455904334828226,-0.013664467189549886,0.08928161578965717,0.012285082174462647,-0.0026475656714960347,0.0,54.88850771869644,-0.005088070838946711,0.00542562157606403,-41.292878213232434
12:45,-0.03142428770661354,0.015536386519670486,-0.0008011893984385586,59,-81.84679958027314,True,-0.0037633284549446477,0.6015940624002354,59.95850622406615,-0.032028710725676916,0.0636160714280981,0.021891570479188435,-0.00172530184661677,0.24698795165843684,66.66666666666667,-0.0025327873648432753,0.011612451906260866,-87.84679958027314
13:00,-0.03270808234810829,0.0212397500872612,0.00029510170841168183,121,14.019462312386985,True,-0.0015644298065048412,0.4744329408643344,79.2511700468017,-0.034554140126838384,0.07662256947391237,0.03565561603166739,-0.00408157412588309,0.042016806652072275,75.46468401486979,-0.00895860486906715,0.0098136236186707,8.019462312386985
13:15,-0.03282904997467995,0.012299660593271255,-0.0009671089730458959,35,0.0,True,-0.003219454255618426,0.30302231064084656,59.259259259259224,-0.00941198397164168,0.03798457181903459,0.00789401066164927,-0.003663880884742284,0.261261261143581,46.18117229129648,-0.00600280872885107,0.006961429915334046,-6.0
13:30,-0.03290360048413277,0.016085222363471985,-0.0005143829566424577,59,-25.359256128486255,True,-0.007203300930135104,0.3574680255381863,45.63636363636355,-0.038732394365934945,0.05624999999958141,0.012414764722456888,-0.008279730756754129,0.028248587554661742,45.37634408602131,-0.007856940977224081,0.012468300929839424,-31.359256128486255
13:45,-0.03297721967101097,0.016189083456993103,-0.0004050744670215133,86,-8.612734543218032,True,-0.0045927740355174995,0.9357927907346048,69.2307692307692,-0.006903714564962683,0.16858375269469028,0.029546601045831924,0.001193508709226874,0.18115942015858072,79.18968692449361,-0.011829616588826515,0.008489695478314336,-14.612734543218032
14:00,-0.034087639302015305,0.01278625801205635,-0.00020956563909243472,33,-53.32086061739986,True,-0.0033563304120827198,0.6625065143630338,40.606060606060886,-0.011558021266652261,0.09020447707827037,0.004725912067352792,-0.004350666002555763,0.24175824149257472,20.56074766355174,-0.005144595885626184,0.008512628624883195,-59.32086061739986
14:15,-0.03462553769350052,0.019591055810451508,0.00017211136660311347,23,-3.7815126050421606,True,-0.0038089657193085547,0.9860161176432582,38.99721448467979,-0.0434083601268727,0.045464528880058634,0.007795798319327625,-0.002040580203083945,0.17857142729591766,41.379310344827516,-0.005108659196223216,0.005882352941176495,-9.78151260504216
10:15,-0.023556401953101158,0.028197387233376503,0.0027101289650991785,52,-20.130850528434827,True,-0.0021522347370686035,0.9214966747515564,78.08641975308643,-0.04785049288054785,0.029991113744031413,0.009894313034725774,2.190529334197711e-13,0.6719576718865654,81.03975535168196,-0.0006383979945797872,0.013588324106693507,-26.130850528434827
10:30,-0.02440722845494747,0.02830512635409832,0.0008954515049887904,52,36.76470588235294,True,-0.0026601481055431586,0.7444356779953376,64.93506493506493,-0.050383351588101886,0.027251184834082863,0.00730392156862743,-0.001470107991557598,0.5857142856306123,65.625,-0.004591835033392367,0.010092272202998846,30.764705882352942
10:45,-0.0287612471729517,0.019430534914135933,-0.00011279026897744841,75,64.65517241379233,True,-0.0038418079096045332,0.4511182474202843,57.676348547717964,-0.009549488821266161,0.06473429951534461,0.017386569872958356,-0.0017955368997712366,0.0999999996,42.567567567567835,-0.008043625124651482,0.0056715063520871144,58.65517241379233
11:00,-0.02552824467420578,0.032262153923511505,-0.00045799311704359787,52,20.18454440599769,True,-0.0010801468999783737,0.5877768117013895,66.66666666666666,-0.050383351588101886,0.027251184834082863,0.007386101499423235,-0.0010839991456751644,0.5827338128657937,59.59183673469388,-0.004607853451239669,0.010020184544405997,14.184544405997691
11:15,-0.029376618564128876,0.014384716749191284,0.00011968506017122445,137,29.275012915445696,True,-0.0023193883686967176,0.4958552369128731,50.285714285714675,-0.04143281611024362,0.11673076922852449,-0.005009471327707924,-0.0006026125117611957,0.4181818166611901,57.52212389380554,-0.0016392917373402225,0.004735663853969347,23.275012915445696
11:30,-0.028833821415901184,0.019861996173858643,0.00029865500285387967,94,53.841896039853296,True,-0.00035211267605639307,0.8209844687603965,89.42731277533046,-0.0026598414132022272,0.10387157695824172,0.040938962411311806,0.0029568960191321287,0.7005649709598131,94.59183673469391,-0.002771222246729728,0.008906556634629808,47.841896039853296
11:45,-0.027137653902173042,0.025815105065703392,0.00058114216428914,52,-34.485236008333935,True,-0.00028729440494146274,0.5165581883860669,70.84745762711864,-0.047165936473100814,0.03073163507104453,0.010454774049859936,0.0018591225337521208,0.6736842103844876,76.036866359447,0.0012894021601412395,0.006825202959982757,-40.485236008333935
12:00,-0.03015153482556343,0.0234043188393116,-0.0004879398919315879,52,-12.949640287769784,True,-0.0013650405919966024,0.5395733932078306,62.50000000000001,-0.048466593647250186,0.029324644549719604,0.00891223021582728,0.00044378754462347925,0.41860465106544076,62.43386243386244,-0.000508859759938424,0.00618705035971223,-18.949640287769782
12:15,-0.029887957498431206,0.022384775802493095,0.00020429536348737554,52,-9.361273133146108,True,-0.0009352517985611319,0.5343704294640249,54.44015444015444,-0.04935651697693133,0.028361966824602545,0.007864909627709322,-0.0004496390461470563,0.23170731701665676,55.55555555555556,-0.004038360986102702,0.005904803053215237,-15.361273133146108
12:30,-0.03099273145198822,0.012127667665481567,-0.00023855303169736166,144,-24.702447788008598,True,-0.005138516532618431,4.866772268061095,77.77777777777776,-0.010334481608837943,0.07651396107635657,0.029503705367168277,0.002446971749444029,0.6868686864061498,80.17057569296384,-0.0050427328448024245,0.033348304513810836,-30.702447788008598
12:45,-0.027996698394417763,0.02450578846037388,-0.0004592168097451921,94,32.07055522148773,True,-0.001201201201201263,0.9614767437556726,79.225352112676,-0.0032465910793342333,0.10848191967884814,0.03911805973140903,0.004925958019438115,0.7440944876030737,92.14975845410628,-0.001729374255695206,0.012728001603527694,26.07055522148773
13:00,-0.03341091424226761,0.011219602078199387,8.608057052863467e-06,32,57.30294155099962,True,-0.0015257469802925083,1.1466057010331865,66.51583710407232,-0.011517401976137584,0.07848657556768186,0.012340506812682946,-0.0020597810718068817,0.10731707311837303,63.5458167330674,-0.009766525690896873,0.01305233668661658,51.30294155099962
13:15,-0.03367140516638756,0.01532074436545372,0.00022464328891204398,111,14.257620452311166,True,-0.001962708537782132,0.23370779011600903,66.86274509803934,-0.0077564759256171165,0.18036211699059676,0.01777777777777782,-0.0022754760109394766,0.0,75.57603686635936,-0.005195932085447755,0.0038839724680433093,8.257620452311166
13:30,-0.030053503811359406,0.02087830752134323,0.0005475025653304808,94,21.490329351791466,True,-0.004329219745222823,1.1335223522229665,77.18894009216594,-0.00512132060456321,0.11142587346429574,0.03774401519316304,0.005340268881304067,0.5690376564275871,88.70614035087725,-0.0037294427710885163,0.011944624918786591,15.490329351791466
13:45,-0.03282904997467995,0.015002034604549408,-8.131535218867075e-05,66,-22.96430963544245,True,-0.0029574508681547984,0.38067764007279925,46.11872146118715,-0.05163339382471564,0.0038420900966437883,-0.009777054827289244,-0.00278926060944365,0.02631578878117723,13.749999999999977,-0.002640300575660948,0.0036360156922782072,-28.96430963544245
14:00,-0.0322905071079731,0.014000196009874344,-0.0008594819469471109,65,-35.3356890459364,True,-0.0036965323006513673,0.3181488092087918,36.398467432950554,-0.06446280991628987,0.00891265597132063,-0.006406360424028428,-0.004663857519709346,0.035714285586741945,1.8867924528305935,-0.0020875425016136677,0.004946996466431216,-41.3356890459364
14:15,-0.03503940999507904,0.016740847378969193,0.00034718671421914827,19,19.05421791096523,True,-0.0010382419103651674,0.44829828524010473,55.1724137931027,-0.020030555083346557,0.011033274955830629,-0.003987528148276693,-0.001255392746209967,0.05882352871967205,41.99999999999818,-0.0012505506418351085,0.002944742768058084,13.054217910965232
10:15,-0.018787169829010963,0.028752049431204796,-0.0026445430899895202,50,-68.68361979428418,True,-0.10640399988024318,13.047136490733795,8.037653874004377,-0.1220695943756153,0.06928671228435022,-0.11973062619358735,2.2853922549248245e-15,0.16403508770490763,4.748603351955259,-0.10194048281560099,0.03819479344657755,-74.68361979428418
10:30,-0.029640108346939087,0.01582510396838188,-0.0005499240037906294,87,-12.324239538400192,True,-0.0026817140622381608,1.2022103100570283,59.11111111111091,-0.05724848164743999,0.04087463556827473,0.0059671727074112465,-0.001586969355931855,0.06122448975425958,41.77215189873352,-0.0012802037166395122,0.008234832782477199,-18.324239538400192
10:45,-0.029420576989650726,0.019000958651304245,-0.00026619998940981884,19,10.431154381083257,True,-0.002773925104022079,0.8222498904609593,27.65957446808541,-0.023595314886314837,0.007355516637220552,-0.006825452016689726,-0.001372769098220151,0.4038461522929091,29.57746478873262,-0.004639285726688953,0.009040333796940076,4.431154381083257
11:00,-0.029609382152557373,0.012179747223854065,-5.313587301770401e-05,59,127.69796654868391,True,0.00048604360505488664,2.2583107398316153,84.0336134453779,-0.02430931744295556,0.07209821428517792,0.01811784301478258,0.0017184482636782154,0.7878787874012856,92.98597194388779,0.002333541805920175,0.01145117634811576,121.69796654868391
11:15,-0.029959168285131454,0.01325640082359314,0.0015172984004268198,132,-10.553691907578784,True,-0.00033911077618686836,0.19628935422003654,44.58204334365328,-0.09199493480238209,0.044116489570861374,0.003285967358938543,0.00012221924266293853,0.31818181769971515,13.55013550135498,1.0122636075171588e-05,0.0024876559496437786,-16.553691907578784
11:30,-0.029005272313952446,0.019790465012192726,0.0005653854395711924,18,60.245183887916895,True,-0.0013990905911156482,4.408397642237008,34.44857496902111,-0.08051529790141608,0.044181113302305466,-0.023858493870402796,0.0037909077828775306,0.9541864123946514,65.36796536796543,0.011936778866671317,0.0443432574430822,54.245183887916895
11:45,-0.025530144572257996,0.02430497109889984,8.041202260172281e-05,59,-91.94455880334904,True,-0.0026688564976390383,2.593317611384527,85.44061302681985,-0.013136511375858952,0.08437499999937229,0.027738438314807143,0.005696385219491053,0.7572016457789345,91.42441860465135,0.004909860380214787,0.01667352820090569,-97.94455880334904
12:00,-0.027925461530685425,0.024013590067625046,0.00020058290762713384,122,-3.1955007349651687,True,-0.008009298393913733,1.17590940538093,75.2567693744165,-0.009411864013317015,0.10415637569660072,0.022238554781534334,0.0020288880443342845,0.4332909783439331,75.04196978175742,-0.0062966361751854135,0.016765727189450547,-9.195500734965169
12:15,-0.030903510749340057,0.017657965421676636,-0.0003511842840830057,52,13.736263736263737,True,-0.0028835063437139263,0.3235514223113286,31.55893536121674,-0.05312157721789003,0.024289099526030377,-0.003403701561596293,-0.0016934168883598266,0.057971014475950426,20.0836820083682,-0.003938683006813147,0.004988432620011567,7.736263736263737
12:30,-0.028831830248236656,0.026186903938651085,5.6834906993886766e-05,97,-27.91003119356502,True,-0.0003897675754405139,1.0334719947137436,94.52631578947343,-0.045484818805003914,0.1480268582868465,0.0292952717123625,0.008219291946326136,0.7205542723509192,93.7596699329554,-0.006462301956296601,0.008886061402068476,-33.91003119356502
12:45,-0.027710814028978348,0.021312955766916275,-0.0005761301964864979,97,20.59774660652125,True,-0.003673452635035379,1.101062794856537,87.82396088019539,-0.048991185112538777,0.14380963599918992,0.02528414591443686,0.004221972654410026,0.3464052286826952,84.28496595075953,-0.009752564816520181,0.009454365692393179,14.597746606521248
13:00,-0.031864605844020844,0.02004283294081688,0.00011376962870439345,97,75.01287995878337,True,-0.0004943459185564603,0.9375311294203214,86.329494241362,-0.04946131243868862,0.14324419837402935,0.024409273570324557,0.0035238253242428283,0.29411764699474796,83.02776322682048,-0.009418762612925973,0.009459041731066386,69.01287995878337
13:15,-0.030262017622590065,0.02819872461259365,-0.0008439579684923624,18,22.93577981651463,True,-0.0020115141846430706,0.3477338103937435,43.02832244008712,-0.07323671497112809,0.05244678516184272,-0.010487906588824121,0.009956541481978304,0.54782608219281,79.75528364849836,0.003247026335046871,0.007992771754239684,16.93577981651463
13:30,-0.03367462009191513,0.01597444713115692,0.0005043333857526865,7,104.58022659049051,True,-0.002607687850106233,1.0715342536271457,59.67078189300405,-0.0072101518937972495,0.09978700745367644,-0.0005054710951875297,-0.002415684961724764,0.19642857107782571,58.000000000000306,-0.004722328271735398,0.005422678415803366,98.58022659049051
13:45,-0.030771853402256966,0.02571517415344715,-8.724855923551485e-05,18,-20.13888888888834,True,-0.0009019635051689123,0.33730177601802314,67.02898550724639,-0.07246376811127447,0.05332455562480247,-0.008351388888888818,0.010401381755745306,0.5744680789950133,94.79843953185949,-0.00017588778523712218,0.006527777777777762,-26.13888888888834
14:00,-0.03483755141496658,0.011686816811561584,0.0008543470147720894,101,54.94162452394302,True,-0.005525890972308378,1.309165022279475,77.30956239870342,-0.06404487816242592,0.036363636363401106,0.010425173253418159,0.006712478383577634,0.3640776697261775,76.35379061371852,-0.0028907290576339994,0.012861334831741218,48.94162452394302
14:15,-0.03391280025243759,0.025131024420261383,0.00019692818797521934,155,71.84110438089904,True,-0.001476897109501496,1.798709092909762,81.7518248175171,-0.08399999999891616,0.03938506588522127,0.018529370333849673,0.00732611921702756,0.7374999990781221,83.46456692913374,0.0033499368639297133,0.011269192844062545,65.84110438089904
10:15,-0.02721894346177578,0.018040845170617104,-0.0041185511426487,116,-17.160173792398407,True,-0.008507095279467136,0.999999999994203,31.17647058823529,-0.014713288725806552,0.10792443671371645,0.0016517580050386042,5.796963623154326e-12,0.6245059288488182,27.86596119929453,-0.01219928316649924,0.009237285041439993,-23.160173792398407
10:30,-0.025265570729970932,0.02662244811654091,0.00031364891725979365,126,16.584481347986642,True,-0.0007733439391930386,9.435640914409905,51.67731629392964,-0.010437636761442246,0.10149551831595136,0.011697587510780033,-0.00038777228148609137,0.9347368419084784,76.22317596566539,0.0025140504946430595,0.021007009707449748,10.584481347986642
10:45,-0.0274029728025198,0.022242775186896324,0.0009441728329411897,155,-5.578800557879738,True,-0.0022959716134418606,1.2989682234188586,72.5563909774433,-0.07483870967645369,0.04978038067277042,0.02361924686192461,-0.0034960760970185844,0.47257383926365176,69.66019417475732,-0.0007317872697359964,0.0165271966527197,-11.578800557879738
11:00,-0.02863346040248871,0.02055864781141281,-6.9348779680718e-05,126,-27.49065317791951,True,-0.000263840640253199,4.901395291187832,57.85519125683062,-0.005032822757089572,0.10751169134787836,0.015997360897294872,0.0024587825507439974,0.9679999994837382,97.42489270386267,0.0038475054241670237,0.008247195953375853,-33.49065317791951
11:15,-0.021473359316587448,0.0330391526222229,0.000356963371977704,126,-18.28999559277255,True,-0.001979327028810207,0.04875183834059975,58.25309491059149,-0.007002188183776796,0.10531956352247984,0.013624063464081097,0.0004734112196225257,0.6730769226454674,89.69957081545064,0.002978266770357195,0.006875275451740815,-24.28999559277255
11:30,-0.021473359316587448,0.033039480447769165,0.00022254260113542244,126,-0.22076029846872663,True,-0.0018069634200087448,0.04129101323078699,53.31978319783205,-0.00879649890586956,0.10332229150378346,0.011486158329286004,-0.0013316166995203773,0.28957528935168336,82.66094420600874,-0.004331850803464411,0.005717691730319139,-6.2207602984687265
11:45,-0.029251491650938988,0.012140432372689247,-0.0009084096054663426,126,-8.598073149759996,True,0.0013466378206541396,0.003922712986570006,51.44467935165592,-0.007461706783337228,0.10480806702988676,0.012348596750369215,1.3225286955840342e-05,0.3315217387700619,87.8969957081542,-0.00274271457592626,0.004056526819374245,-14.598073149759996
12:00,-0.028644045814871788,0.027478059753775597,-0.00015520317311745036,126,-2.2053148086889403,True,-0.00030864877973491023,0.006892507987408301,43.80495603517179,-0.007768052516377383,0.1044670693681582,0.011675377660160989,-0.000295324542311762,0.27325581363574136,86.69527896995709,-0.0012310188626856967,0.0037931414709449374,-8.20531480868894
12:15,-0.024862950667738914,0.0347224697470665,-0.0004570659452236539,126,-5.519129302161292,True,-0.0010585511081707688,0.009572721572602118,44.95488105004089,-0.008818380743943942,0.10329793452794561,0.010287657019228527,-0.0013529083998945536,0.0,82.57510729613718,-0.0005070127263249468,0.002781641168289371,-11.519129302161293
12:30,-0.029344046488404274,0.02097221277654171,-0.0005354106421847728,126,-61.15195266794671,True,0.0,0.00866298130997264,46.48006785411354,-0.008818380743943942,0.10329793452794561,0.009908823983928299,-0.0013523165013048738,0.0,82.57510729613718,-0.0017399205847379317,0.002781641168289371,-67.15195266794672
12:45,-0.029344046488404274,0.01794184185564518,-0.00022358308843089316,126,-140.9973521623999,True,0.0005077598957989871,0.00851882516785985,50.89126559714796,-0.008315098468234946,0.10385814497221416,0.010061782877316938,-0.0008448795640379024,0.18253968224994618,84.54935622317596,-0.0009412120980308483,0.0027802294792586856,-146.9973521623999
13:00,-0.03024706058204174,0.024331262335181236,0.0009038662473075671,126,-303.29767287967354,True,0.0003309796999118042,0.004450974667730217,51.41093474426801,-0.007986870897120408,0.10422349960978058,0.010029778316973697,-0.0005140638968348232,0.8571428546938775,85.83690987124463,0.0004176419444338816,0.0015440608801147017,-309.29767287967354
13:15,-0.027618827298283577,0.033017657697200775,4.883458113510147e-05,126,-417.47658596925254,True,-0.0013896547921032898,0.0019627461211818784,62.89104638619197,-0.009365426695801505,0.10268901013200157,0.008287241562113454,-0.0019028159714626746,0.0,81.69136878814295,-0.0008579978741187835,0.001921717617953662,-423.47658596925254
13:30,-0.02772563323378563,0.033070046454668045,-6.414785736420565e-05,126,-359.8400710795202,True,-0.005566354479589974,0.0027801211749353956,38.493292053663325,-0.014879649890525691,0.09655105222088577,0.0024811195024433746,-0.0074575403798923835,0.0,59.72101133391465,-0.006203066682090464,0.007529986672589879,-365.8400710795202
13:45,-0.027808615937829018,0.03320704400539398,-0.000151925692544131,126,-322.06083122580185,True,-0.007529986672589861,0.0051360945041364105,27.6875483372001,-0.022297592997714156,0.08829403741188477,-0.005322620353170285,-0.01492756701370933,0.0,30.165649520488596,-0.01309631115898733,0.015174235133501772,-328.06083122580185
14:00,-0.028035493567585945,0.029889626428484917,-0.009095220677035698,126,-163.7852593266606,True,-0.0161366128779572,0.04542718099635411,18.08994441637165,-0.03807439824928633,0.07073265783285877,-0.021712920837124616,-0.03,0.0,0.0,-0.026312763883828798,0.031824385805277446,-169.7852593266606
14:15,-0.03074502944946289,0.03243317827582359,-0.006316547125079696,126,-41.72237333456147,True,-0.013148316651501402,0.0916378106406556,4.30809399477792,-0.050722100656233206,0.056654325798632686,-0.034959660688764986,-0.03,0.0,0.0,-0.03227407035605722,0.04508782444331759,-47.72237333456147
10:15,-0.03140125796198845,0.011653363704681396,0.0077895140025322366,123,93.8058368076229,True,0.005389221556886259,0.4365588526393739,52.801724137931075,-0.013803230542913235,0.1631451333507744,0.014035139964264509,2.369886432482526e-14,0.9906542037557845,99.54545454545445,0.013142089487748455,0.015932102441929788,87.8058368076229
10:30,-0.03208645433187485,0.01344747468829155,-0.0012308646587063025,56,34.30251551780315,True,-0.0022816166883963263,0.4602286649810625,58.03571428571435,-0.04819651741143667,0.02237808951161077,-0.0044397255798757935,-0.001337559421411943,0.5454545434710744,83.55263157894741,0.008030368635603202,0.008983992159425023,28.30251551780315
10:45,-0.0306866392493248,0.019273143261671066,0.0007940451016751357,110,1.218026796589525,True,-0.0016780563729661413,0.5283743995034516,54.52898550724647,-0.07315421088265263,0.019875776397466148,-0.001751035322777126,-0.00045792306184472194,0.5786516852307148,66.59242761692657,0.0008067527653376806,0.008672350791717395,-4.781973203410475
11:00,-0.031096355989575386,0.018514448776841164,-0.0018783078646332965,23,17.546007263231193,True,-0.004832291074474138,0.4414068245723541,64.33239962651734,-0.018109699907123335,0.0765209751778378,0.0037564777410536068,-0.0035213132308897755,0.08121827369939795,44.266337854500584,-0.006173785020897401,0.008038519606642995,11.546007263231193
11:15,-0.031178265810012817,0.01311584934592247,3.522286780271933e-05,151,176.6055045871557,True,-0.0014886064353600847,0.41720929131245926,57.92951541850227,-0.008076441815401271,0.18397827562547212,0.010811926605504583,-0.0017655802454464543,0.09999999981817355,80.77669902912604,-0.004497890752905157,0.006307339449541285,170.6055045871557
11:30,-0.031178265810012817,0.011948402971029282,0.002317507995870996,123,-104.70432089662324,True,0.000295028765304739,0.5253509672926796,63.731656184486475,-0.004258443465366826,0.17440249393230342,0.021781448163987586,0.00449040887448075,0.8977272706869855,96.92832764505127,0.005418147478774529,0.012977436956201082,-110.70432089662324
11:45,-0.031173832714557648,0.012682478874921799,0.00029601404913202634,56,-9.78633175664692,True,-0.0019534429431872224,0.39372108145938245,55.952380952380935,-0.04679726368013693,0.02388109552358458,-0.002254118414614356,0.0008315542177135068,0.43939393806244526,78.61271676300612,0.0022493070064226297,0.010764964932311057,-15.78633175664692
12:00,-0.03199651837348938,0.014468573033809662,0.0006666247905253184,72,30.402245088867033,True,-0.0018674136321193968,0.42419568205122277,71.21951219512229,-0.02038946162634142,0.07437185929554815,0.011163470533208635,0.0018670204651462855,0.59999999904,88.47926267281109,-0.00011688779226863826,0.00730823199251637,24.402245088867033
12:15,-0.03191903978586197,0.016408447176218033,0.0006079738049430762,23,-0.40858018386071115,True,-0.003054989816700604,0.3798838752255435,32.54520166898476,-0.01939180255541522,0.07511530858444472,0.001957099080694525,-0.0031814265032035207,0.2836879412504449,40.173053152039536,-0.004429333307675483,0.005760980592441253,-6.408580183860711
12:30,-0.032767366617918015,0.014810889959335327,0.00012362872498103614,25,45.502645502645024,True,-0.0010570824524313016,0.5119564518236429,87.87878787878782,-0.01356993736944901,0.10526315789412127,0.005279365079364994,0.0033106897329958154,0.26605504562747856,85.84070796460178,-0.0038611300043914446,0.005767195767195816,39.502645502645024
12:45,-0.03223366662859917,0.016597915440797806,-0.0009752123956312161,117,2.4224806201550386,True,-0.0033318846878169772,2.089970650505547,73.97260273972606,-0.03393400421233825,0.054244560220378796,0.004500000000000005,0.0028349112935309615,0.6807817587358986,85.06097560975586,-0.0020494218731959926,0.014874031007752071,-3.5775193798449614
13:00,-0.034209299832582474,0.012862589210271835,0.0009162833358814918,20,12.12856276531231,True,-0.00060606060606061,0.2127332218722772,87.8136200716846,-0.017700621223710578,0.028879579285115534,-0.0011019665598197474,0.0030754966568529085,0.12727272724958677,84.15841584158416,-0.0013950420336317046,0.004764792514944122,6.12856276531231
13:15,-0.03436454385519028,0.01770457625389099,0.00015525153683283325,92,-56.077599272505786,True,-0.005876148862438035,1.3686109542219707,66.66666666666632,-0.0131618306906025,0.054836131093370474,0.0022976659593815746,-0.0002284122068462746,0.17647058771625412,68.71508379888252,-0.0014237425282536374,0.010306153379811996,-62.077599272505786
13:30,-0.034512538462877274,0.010855056345462799,-0.00040684698897116856,135,66.17038875103418,True,-0.0058733701397861715,0.6058543498690936,55.649717514124276,-0.011100724468074299,0.12033359809053919,0.009935011225333825,0.0015623128687429495,0.19811320717336442,51.53061224489773,-0.006423063424874377,0.01252510929930274,60.17038875103418
13:45,-0.03433963283896446,0.012705285102128983,0.0007670224312804745,98,-56.4810859556699,True,-0.0032642634118649205,0.9346911353535544,75.99469496021267,-0.01302290720001382,0.19256240448184436,0.01771322796525709,0.0077337775266116725,0.3041666665399381,77.91005291005312,-0.0080517306427632,0.01139114338601737,-62.4810859556699
14:00,-0.033922404050827026,0.01796763390302658,-0.0006180739363790008,130,-11.091598114428319,True,-0.005332352670773144,0.2835680339893707,26.223776223776227,-0.055933682373375336,0.09949186991849697,0.004068767908309496,-0.007539110342177216,0.12087912085255403,19.545454545454547,-0.009635036332091507,0.008411128570108143,-17.09159811442832
14:15,-0.03404565900564194,0.01339821144938469,0.0007514678316293749,68,13.663398167497323,True,-0.0035239468204388835,0.8423687165003372,63.782051282051185,-0.08736154917572356,0.03253112032925055,0.0037871724803086003,0.0032109804867176714,0.14516128798127398,73.09644670050754,-0.005469483493407095,0.004983121684616658,7.6633981674973235
