,entry_time,exit_time,date,ticker,side,entry_px,exit_px,pnl_pct,net_pnl_pct,qty,net_pnl_inr,long_conv,short_conv,score_15m,cum_pnl_inr
1,2026-06-05 09:15:00,2026-06-05 10:15:00,2026-06-05,GRASIM.NS,LONG,3098.0,3110.7,0.4099,0.3099,32,307.26,0.011145863682031631,-0.011145863682031631,2.3951659202575684,307.26
2,2026-06-05 09:15:00,2026-06-05 10:15:00,2026-06-05,IRCTC.NS,LONG,529.5,528.8,-0.1322,-0.2322,187,-229.92,0.010799061506986618,-0.010799061506986618,2.585632801055908,77.34
3,2026-06-05 09:15:00,2026-06-05 10:15:00,2026-06-05,ITC.NS,LONG,279.95,279.85,-0.0357,-0.1357,355,-134.88,0.010475866496562958,-0.010475866496562958,2.5309953689575195,-57.53999999999999
4,2026-06-05 09:15:00,2026-06-05 10:15:00,2026-06-05,ZEEL.NS,SHORT,109.45,111.88,-2.2202,-2.3202,909,-2308.36,-0.013979291543364525,0.013979291543364525,-2.7642829418182373,-2365.9
5,2026-06-05 09:15:00,2026-06-05 10:15:00,2026-06-05,ATGL.NS,SHORT,760.35,758.95,0.1841,0.0841,130,83.15,-0.012816283851861954,0.012816283851861954,-2.6823480129241943,-2282.75
6,2026-06-05 10:15:00,2026-06-05 11:15:00,2026-06-05,STARHEALTH.NS,SHORT,537.15,528.0,1.7034,1.6034,185,1593.38,-0.013246055692434311,0.013246055692434311,-3.6249284744262695,-689.3699999999999
7,2026-06-05 10:15:00,2026-06-05 11:15:00,2026-06-05,UNITDSPR.NS,LONG,1252.0,1250.2,-0.1438,-0.2438,79,-241.11,0.011700130999088287,-0.011700130999088287,2.4442086219787598,-930.4799999999999
8,2026-06-05 10:15:00,2026-06-05 11:15:00,2026-06-05,POLICYBZR.NS,SHORT,1548.0,1539.1,0.5749,0.4749,64,470.53,-0.02615552768111229,0.02615552768111229,-3.316932439804077,-459.94999999999993
9,2026-06-05 10:15:00,2026-06-05 11:15:00,2026-06-05,INFY.NS,LONG,1205.0,1201.4,-0.2988,-0.3988,82,-394.01,0.014310996979475021,-0.014310996979475021,2.0386269092559814,-853.9599999999999
10,2026-06-05 10:15:00,2026-06-05 11:15:00,2026-06-05,MARUTI.NS,LONG,12993.0,13056.0,0.4849,0.3849,7,350.05,0.014056097716093063,-0.014056097716093063,2.016545534133911,-503.9099999999999
11,2026-06-05 11:15:00,2026-06-05 12:15:00,2026-06-05,ALKEM.NS,LONG,5246.5,5270.0,0.4479,0.3479,18,328.56,0.011237308382987976,-0.011237308382987976,2.6217331886291504,-175.3499999999999
12,2026-06-05 11:15:00,2026-06-05 12:15:00,2026-06-05,NAUKRI.NS,LONG,1008.35,998.9,-0.9372,-1.0372,98,-1024.92,0.011093828827142715,-0.011093828827142715,2.3375730514526367,-1200.27
13,2026-06-05 11:15:00,2026-06-05 12:15:00,2026-06-05,SRF.NS,LONG,2726.7,2719.6,-0.2604,-0.3604,36,-353.76,0.010113641619682312,-0.010113641619682312,2.525799036026001,-1554.03
14,2026-06-05 11:15:00,2026-06-05 12:15:00,2026-06-05,NYKAA.NS,SHORT,268.0,265.7,0.8582,0.7582,371,753.87,-0.05816291645169258,0.05816291645169258,-2.9384617805480957,-800.16
15,2026-06-05 11:15:00,2026-06-05 12:15:00,2026-06-05,POLICYBZR.NS,SHORT,1539.1,1554.0,-0.9681,-1.0681,64,-1052.1,-0.01840362511575222,0.01840362511575222,-2.7829647064208984,-1852.2599999999998
16,2026-06-05 12:15:00,2026-06-05 13:15:00,2026-06-05,ATGL.NS,SHORT,763.8,755.55,1.0801,0.9801,130,973.21,-0.01388392224907875,0.01388392224907875,-3.5981192588806152,-879.0499999999997
17,2026-06-05 12:15:00,2026-06-05 13:15:00,2026-06-05,BRIGADE.NS,SHORT,490.35,488.15,0.4487,0.3487,202,345.35,-0.0331934317946434,0.0331934317946434,-3.682431697845459,-533.6999999999997
18,2026-06-05 12:15:00,2026-06-05 13:15:00,2026-06-05,MRF.NS,LONG,123805.0,123585.0,-0.1777,-0.2777,0,-0.0,0.0123702771961689,-0.0123702771961689,2.246410369873047,-533.6999999999997
19,2026-06-05 12:15:00,2026-06-05 13:15:00,2026-06-05,SRF.NS,LONG,2719.6,2701.1,-0.6802,-0.7802,36,-763.91,0.012246143072843552,-0.012246143072843552,1.9179035425186157,-1297.6099999999997
20,2026-06-05 12:15:00,2026-06-05 13:15:00,2026-06-05,WHIRLPOOL.NS,LONG,807.85,803.0,-0.6004,-0.7004,123,-695.92,0.010122667998075485,-0.010122667998075485,2.1272099018096924,-1993.5299999999997
21,2026-06-05 13:15:00,2026-06-05 14:15:00,2026-06-05,ITC.NS,LONG,279.8,280.35,0.1966,0.0966,355,95.92,0.010563232004642487,-0.010563232004642487,1.9222548007965088,-1897.6099999999997
22,2026-06-05 13:15:00,2026-06-05 14:15:00,2026-06-05,POWERGRID.NS,LONG,284.4,285.3,0.3165,0.2165,349,214.84,0.005397699773311615,-0.005397699773311615,1.7459478378295898,-1682.7699999999998
23,2026-06-05 13:15:00,2026-06-05 14:15:00,2026-06-05,DALBHARAT.NS,LONG,1681.0,1690.9,0.5889,0.4889,59,484.92,0.0051423534750938416,-0.0051423534750938416,1.9222548007965088,-1197.8499999999997
24,2026-06-05 13:15:00,2026-06-05 14:15:00,2026-06-05,POLICYBZR.NS,SHORT,1543.1,1536.3,0.4407,0.3407,64,336.44,-0.03610832989215851,0.03610832989215851,-3.2161078453063965,-861.4099999999996
25,2026-06-05 13:15:00,2026-06-05 14:15:00,2026-06-05,TITAN.NS,SHORT,4237.0,4262.1,-0.5924,-0.6924,23,-674.75,-0.00859266147017479,0.00859266147017479,-3.2484819889068604,-1536.1599999999996
26,2026-06-05 14:15:00,2026-06-08 09:15:00,2026-06-05,PAGEIND.NS,LONG,38345.0,37985.0,-0.9388,-1.0388,2,-796.69,0.009000677615404129,-0.009000677615404129,3.110708713531494,-2332.8499999999995
27,2026-06-05 14:15:00,2026-06-08 09:15:00,2026-06-05,PVRINOX.NS,LONG,978.0,987.35,0.956,0.856,101,845.57,0.007592655718326569,-0.007592655718326569,4.835662364959717,-1487.2799999999993
28,2026-06-05 14:15:00,2026-06-08 09:15:00,2026-06-05,BRITANNIA.NS,LONG,5099.0,5076.0,-0.4511,-0.5511,19,-533.88,0.007592655718326569,-0.007592655718326569,4.967019081115723,-2021.1599999999994
29,2026-06-05 14:15:00,2026-06-08 09:15:00,2026-06-05,BRIGADE.NS,SHORT,489.0,480.55,1.728,1.628,203,1616.08,-0.03803061321377754,0.03803061321377754,-1.9550361633300781,-405.0799999999995
30,2026-06-05 14:15:00,2026-06-08 09:15:00,2026-06-05,ATGL.NS,SHORT,759.0,756.2,0.3689,0.2689,131,267.37,-0.008791666477918625,0.008791666477918625,-1.604040503501892,-137.70999999999947
31,2026-06-08 09:15:00,2026-06-08 10:15:00,2026-06-08,CUMMINSIND.NS,SHORT,5704.0,5705.5,-0.0263,-0.1263,17,-122.47,-0.010223615914583206,0.010223615914583206,-1.6326816082000732,-260.1799999999995
32,2026-06-08 09:15:00,2026-06-08 10:15:00,2026-06-08,RELIANCE.NS,LONG,1275.0,1275.3,0.0235,-0.0765,78,-76.05,0.010124888271093369,-0.010124888271093369,4.086781978607178,-336.2299999999995
33,2026-06-08 09:15:00,2026-06-08 10:15:00,2026-06-08,ADANIPOWER.NS,SHORT,231.88,231.97,-0.0388,-0.1388,429,-138.09,-0.010986559092998505,0.010986559092998505,-1.6326816082000732,-474.3199999999995
34,2026-06-08 09:15:00,2026-06-08 10:15:00,2026-06-08,BPCL.NS,LONG,289.35,289.05,-0.1037,-0.2037,343,-202.15,0.01303478330373764,-0.01303478330373764,3.5561740398406982,-676.4699999999995
35,2026-06-08 09:15:00,2026-06-08 10:15:00,2026-06-08,WIPRO.NS,LONG,188.78,187.09,-0.8952,-0.9952,527,-990.12,0.010495416820049286,-0.010495416820049286,4.359922409057617,-1666.5899999999995
36,2026-06-08 10:15:00,2026-06-08 11:15:00,2026-06-08,ICICIPRULI.NS,LONG,478.75,480.65,0.3969,0.2969,207,294.2,0.014149226248264313,-0.014149226248264313,2.680112838745117,-1372.3899999999994
37,2026-06-08 10:15:00,2026-06-08 11:15:00,2026-06-08,GRASIM.NS,LONG,3055.8,3072.9,0.5596,0.4596,32,449.41,0.010004349052906036,-0.010004349052906036,1.9837766885757446,-922.9799999999993
38,2026-06-08 10:15:00,2026-06-08 11:15:00,2026-06-08,M&MFIN.NS,LONG,283.65,283.5,-0.0529,-0.1529,350,-151.78,0.009418155997991562,-0.009418155997991562,2.757957935333252,-1074.7599999999993
39,2026-06-08 10:15:00,2026-06-08 11:15:00,2026-06-08,ZEEL.NS,SHORT,116.8,113.9,2.4829,2.3829,852,2371.29,-0.018706684932112694,0.018706684932112694,-3.5061607360839844,1296.5300000000007
40,2026-06-08 10:15:00,2026-06-08 11:15:00,2026-06-08,COFORGE.NS,SHORT,1431.6,1437.6,-0.4191,-0.5191,69,-512.78,-0.01366434246301651,0.01366434246301651,-3.0873284339904785,783.7500000000007
41,2026-06-08 11:15:00,2026-06-08 12:15:00,2026-06-08,PETRONET.NS,LONG,268.1,268.0,-0.0373,-0.1373,371,-136.57,0.012323502451181412,-0.012323502451181412,2.1752803325653076,647.1800000000007
42,2026-06-08 11:15:00,2026-06-08 12:15:00,2026-06-08,KEC.NS,LONG,490.15,484.5,-1.1527,-1.2527,203,-1246.45,0.011951722204685211,-0.011951722204685211,1.9284460544586182,-599.2699999999993
43,2026-06-08 11:15:00,2026-06-08 12:15:00,2026-06-08,COLPAL.NS,LONG,2013.5,2014.2,0.0348,-0.0652,49,-64.36,0.011070184409618378,-0.011070184409618378,2.282348394393921,-663.6299999999993
44,2026-06-08 11:15:00,2026-06-08 12:15:00,2026-06-08,BOSCHLTD.NS,SHORT,37030.0,37130.0,-0.2701,-0.3701,2,-274.06,-0.012076001614332199,0.012076001614332199,-3.0552823543548584,-937.6899999999994
45,2026-06-08 11:15:00,2026-06-08 12:15:00,2026-06-08,AIAENG.NS,SHORT,4580.9,4556.1,0.5414,0.4414,21,424.6,-0.011241193860769272,0.011241193860769272,-3.280667304992676,-513.0899999999993
46,2026-06-08 12:15:00,2026-06-08 13:15:00,2026-06-08,BEL.NS,SHORT,411.9,412.25,-0.085,-0.185,241,-183.62,-0.006358448415994644,0.006358448415994644,-2.411897897720337,-696.7099999999994
47,2026-06-08 12:15:00,2026-06-08 13:15:00,2026-06-08,PETRONET.NS,LONG,268.0,268.1,0.0373,-0.0627,371,-62.33,0.00930541381239891,-0.00930541381239891,3.1690618991851807,-759.0399999999994
48,2026-06-08 12:15:00,2026-06-08 13:15:00,2026-06-08,NYKAA.NS,SHORT,261.6,261.7,-0.0382,-0.1382,380,-137.41,-0.018643952906131744,0.018643952906131744,-2.481959819793701,-896.4499999999994
49,2026-06-08 12:15:00,2026-06-08 13:15:00,2026-06-08,UPL.NS,LONG,631.05,629.7,-0.2139,-0.3139,157,-311.02,0.010702848434448242,-0.010702848434448242,2.316544532775879,-1207.4699999999993
50,2026-06-08 12:15:00,2026-06-08 13:15:00,2026-06-08,IRCTC.NS,LONG,518.9,518.1,-0.1542,-0.2542,191,-251.91,0.01037852093577385,-0.01037852093577385,2.4469804763793945,-1459.3799999999994
51,2026-06-08 13:15:00,2026-06-08 14:15:00,2026-06-08,COLPAL.NS,LONG,2013.2,2014.4,0.0596,-0.0404,49,-39.85,0.009753916412591934,-0.009753916412591934,2.544069766998291,-1499.2299999999993
52,2026-06-08 13:15:00,2026-06-08 14:15:00,2026-06-08,OBEROIRLTY.NS,LONG,1620.8,1606.7,-0.8699,-0.9699,61,-958.97,0.009685520082712173,-0.009685520082712173,1.9905970096588135,-2458.1999999999994
53,2026-06-08 13:15:00,2026-06-08 14:15:00,2026-06-08,CIPLA.NS,LONG,1392.1,1386.5,-0.4023,-0.5023,71,-496.44,0.008392184972763062,-0.008392184972763062,2.0935351848602295,-2954.6399999999994
54,2026-06-08 13:15:00,2026-06-08 14:15:00,2026-06-08,BAJAJ-AUTO.NS,SHORT,10262.0,10275.0,-0.1267,-0.2267,9,-209.36,-0.010461896657943726,0.010461896657943726,-3.8126344680786133,-3163.9999999999995
55,2026-06-08 13:15:00,2026-06-08 14:15:00,2026-06-08,OFSS.NS,SHORT,9850.0,9824.0,0.264,0.164,10,161.5,-0.007765479385852814,0.007765479385852814,-4.324946403503418,-3002.4999999999995
56,2026-06-08 14:15:00,2026-06-09 09:15:00,2026-06-08,IGL.NS,LONG,163.52,162.16,-0.8317,-0.9317,608,-926.3,0.012677360326051712,-0.012677360326051712,2.09342622756958,-3928.7999999999993
57,2026-06-08 14:15:00,2026-06-09 09:15:00,2026-06-08,ITC.NS,LONG,280.3,279.85,-0.1605,-0.2605,355,-259.26,0.014438632875680923,-0.014438632875680923,1.685577154159546,-4188.0599999999995
58,2026-06-08 14:15:00,2026-06-09 09:15:00,2026-06-08,OBEROIRLTY.NS,LONG,1606.7,1625.1,1.1452,1.0452,61,1024.39,0.011966515332460403,-0.011966515332460403,1.7907609939575195,-3163.669999999999
59,2026-06-08 14:15:00,2026-06-09 09:15:00,2026-06-08,TATASTEEL.NS,SHORT,203.69,200.43,1.6005,1.5005,488,1491.48,-0.009482525289058685,0.009482525289058685,-3.7773237228393555,-1672.1899999999991
60,2026-06-08 14:15:00,2026-06-09 09:15:00,2026-06-08,ONGC.NS,SHORT,264.85,262.3,0.9628,0.8628,375,856.93,-0.009233035147190094,0.009233035147190094,-3.4402284622192383,-815.2599999999992
61,2026-06-09 09:15:00,2026-06-09 10:15:00,2026-06-09,GAIL.NS,LONG,167.1,166.7,-0.2394,-0.3394,595,-337.42,0.011214807629585266,-0.011214807629585266,2.217824935913086,-1152.6799999999992
62,2026-06-09 09:15:00,2026-06-09 10:15:00,2026-06-09,NYKAA.NS,SHORT,264.9,265.2,-0.1133,-0.2133,375,-211.84,-0.020999660715460777,0.020999660715460777,-2.8052523136138916,-1364.519999999999
63,2026-06-09 09:15:00,2026-06-09 10:15:00,2026-06-09,NTPC.NS,LONG,358.4,356.45,-0.5441,-0.6441,277,-639.43,0.01426505297422409,-0.01426505297422409,2.217824935913086,-2003.949999999999
64,2026-06-09 09:15:00,2026-06-09 10:15:00,2026-06-09,PVRINOX.NS,LONG,967.05,970.0,0.3051,0.2051,102,202.26,0.011608399450778961,-0.011608399450778961,2.2553553581237793,-1801.689999999999
65,2026-06-09 09:15:00,2026-06-09 10:15:00,2026-06-09,SCHAEFFLER.NS,SHORT,4040.0,4028.5,0.2847,0.1847,24,179.04,-0.013981711119413376,0.013981711119413376,-3.1446449756622314,-1622.649999999999
66,2026-06-09 10:15:00,2026-06-09 11:15:00,2026-06-09,EICHERMOT.NS,SHORT,7106.5,7146.0,-0.5558,-0.6558,14,-652.49,-0.01460656151175499,0.01460656151175499,-2.576770544052124,-2275.139999999999
67,2026-06-09 10:15:00,2026-06-09 11:15:00,2026-06-09,NYKAA.NS,SHORT,265.2,264.8,0.1508,0.0508,375,50.55,-0.018830422312021255,0.018830422312021255,-2.5899977684020996,-2224.589999999999
68,2026-06-09 10:15:00,2026-06-09 11:15:00,2026-06-09,COLPAL.NS,LONG,2001.9,2011.6,0.4845,0.3845,49,377.21,0.014057233929634094,-0.014057233929634094,2.6395487785339355,-1847.3799999999987
69,2026-06-09 10:15:00,2026-06-09 11:15:00,2026-06-09,APOLLOTYRE.NS,LONG,386.1,386.5,0.1036,0.0036,257,3.57,0.012610536068677902,-0.012610536068677902,2.6997337341308594,-1843.8099999999988
70,2026-06-09 10:15:00,2026-06-09 11:15:00,2026-06-09,DEVYANI.NS,LONG,110.7,109.88,-0.7407,-0.8407,898,-835.77,0.011721327900886536,-0.011721327900886536,2.8254053592681885,-2679.579999999999
71,2026-06-09 11:15:00,2026-06-09 12:15:00,2026-06-09,APOLLOTYRE.NS,LONG,386.5,387.4,0.2329,0.1329,257,131.97,0.013345122337341309,-0.013345122337341309,2.1107420921325684,-2547.609999999999
72,2026-06-09 11:15:00,2026-06-09 12:15:00,2026-06-09,PIIND.NS,LONG,2694.7,2816.0,4.5014,4.4014,36,4269.79,0.013100173324346542,-0.013100173324346542,2.303666591644287,1722.1800000000007
73,2026-06-09 11:15:00,2026-06-09 12:15:00,2026-06-09,GODREJPROP.NS,LONG,1667.0,1671.8,0.2879,0.1879,59,184.85,0.010683629661798477,-0.010683629661798477,2.8208861351013184,1907.0300000000007
74,2026-06-09 11:15:00,2026-06-09 12:15:00,2026-06-09,NYKAA.NS,SHORT,264.8,268.5,-1.3973,-1.4973,375,-1486.8,-0.01747165247797966,0.01747165247797966,-2.9335522651672363,420.2300000000007
75,2026-06-09 11:15:00,2026-06-09 12:15:00,2026-06-09,THERMAX.NS,SHORT,4744.9,4741.8,0.0653,-0.0347,20,-32.9,-0.011761050671339035,0.011761050671339035,-2.933999538421631,387.3300000000007
76,2026-06-09 12:15:00,2026-06-09 13:15:00,2026-06-09,ITC.NS,LONG,279.3,278.9,-0.1432,-0.2432,356,-241.83,0.014647256582975388,-0.014647256582975388,3.092240333557129,145.5000000000007
77,2026-06-09 12:15:00,2026-06-09 13:15:00,2026-06-09,RECLTD.NS,LONG,350.9,351.3,0.114,0.014,283,13.9,0.010410454124212265,-0.010410454124212265,2.5246262550354004,159.40000000000072
78,2026-06-09 12:15:00,2026-06-09 13:15:00,2026-06-09,DRREDDY.NS,LONG,1272.0,1270.1,-0.1494,-0.2494,78,-247.42,0.010009493678808212,-0.010009493678808212,3.01741886138916,-88.01999999999927
79,2026-06-09 12:15:00,2026-06-09 13:15:00,2026-06-09,NYKAA.NS,SHORT,268.5,267.8,0.2607,0.1607,370,159.65,-0.014397844672203064,0.014397844672203064,-2.007744789123535,71.63000000000073
80,2026-06-09 12:15:00,2026-06-09 13:15:00,2026-06-09,SCHAEFFLER.NS,SHORT,4144.7,4113.7,0.7479,0.6479,24,644.53,-0.00944952666759491,0.00944952666759491,-2.4005699157714844,716.1600000000008
81,2026-06-09 13:15:00,2026-06-09 14:15:00,2026-06-09,HEROMOTOCO.NS,SHORT,4841.8,4854.4,-0.2602,-0.3602,20,-348.84,-0.007205687463283539,0.007205687463283539,-3.38234281539917,367.3200000000008
82,2026-06-09 13:15:00,2026-06-09 14:15:00,2026-06-09,EICHERMOT.NS,SHORT,7278.0,7224.0,0.742,0.642,13,607.39,-0.007717106491327286,0.007717106491327286,-2.9991421699523926,974.7100000000007
83,2026-06-09 13:15:00,2026-06-09 14:15:00,2026-06-09,BAJAJFINSV.NS,LONG,1686.1,1690.8,0.2787,0.1787,59,177.82,0.009002603590488434,-0.009002603590488434,2.4505016803741455,1152.5300000000007
84,2026-06-09 13:15:00,2026-06-09 14:15:00,2026-06-09,CIPLA.NS,LONG,1385.8,1375.9,-0.7144,-0.8144,71,-801.29,0.00997558981180191,-0.00997558981180191,2.1404337882995605,351.2400000000007
85,2026-06-09 13:15:00,2026-06-09 14:15:00,2026-06-09,DEVYANI.NS,LONG,110.11,110.11,0.0,-0.1,903,-99.43,0.011183202266693115,-0.011183202266693115,2.486762762069702,251.81000000000068
86,2026-06-09 14:15:00,2026-06-10 09:15:00,2026-06-09,SRF.NS,LONG,2680.4,2723.4,1.6042,1.5042,37,1491.83,0.012074258178472519,-0.012074258178472519,3.5341782569885254,1743.6400000000006
87,2026-06-09 14:15:00,2026-06-10 09:15:00,2026-06-09,OBEROIRLTY.NS,LONG,1625.8,1628.7,0.1784,0.0784,61,77.73,0.011298835277557373,-0.011298835277557373,2.7928411960601807,1821.3700000000006
88,2026-06-09 14:15:00,2026-06-10 09:15:00,2026-06-09,PAGEIND.NS,LONG,38695.0,39175.0,1.2405,1.1405,2,882.61,0.010920491069555283,-0.010920491069555283,3.884647846221924,2703.9800000000005
89,2026-06-09 14:15:00,2026-06-10 09:15:00,2026-06-09,SAIL.NS,SHORT,186.26,182.55,1.9918,1.8918,534,1881.68,-0.048577237874269485,0.048577237874269485,-2.070148468017578,4585.660000000001
90,2026-06-09 14:15:00,2026-06-10 09:15:00,2026-06-09,VEDL.NS,SHORT,305.7,299.0,2.1917,2.0917,325,2078.15,-0.043751973658800125,0.043751973658800125,-2.0283877849578857,6663.810000000001
91,2026-06-10 09:15:00,2026-06-10 10:15:00,2026-06-10,ESCORTS.NS,LONG,2798.5,2779.3,-0.6861,-0.7861,35,-769.95,0.011551585048437119,-0.011551585048437119,2.2276086807250977,5893.8600000000015
92,2026-06-10 09:15:00,2026-06-10 10:15:00,2026-06-10,DRREDDY.NS,LONG,1271.4,1277.7,0.4955,0.3955,78,392.23,0.01120084896683693,-0.01120084896683693,2.2983627319335938,6286.090000000002
93,2026-06-10 09:15:00,2026-06-10 10:15:00,2026-06-10,INFY.NS,LONG,1161.5,1160.7,-0.0689,-0.1689,85,-166.73,0.009125519543886185,-0.009125519543886185,2.2983627319335938,6119.360000000002
94,2026-06-10 09:15:00,2026-06-10 10:15:00,2026-06-10,BRIGADE.NS,SHORT,492.2,491.7,0.1016,0.0016,202,1.58,-0.03939595818519592,0.03939595818519592,-2.179253578186035,6120.940000000002
95,2026-06-10 09:15:00,2026-06-10 10:15:00,2026-06-10,NYKAA.NS,SHORT,268.3,265.65,0.9877,0.8877,370,881.23,-0.019747870042920113,0.019747870042920113,-2.2576212882995605,7002.170000000002
96,2026-06-10 10:15:00,2026-06-10 11:15:00,2026-06-10,THERMAX.NS,SHORT,4771.9,4728.9,0.9011,0.8011,20,764.56,-0.014368504285812378,0.014368504285812378,-2.000868797302246,7766.730000000001
97,2026-06-10 10:15:00,2026-06-10 11:15:00,2026-06-10,POWERGRID.NS,LONG,288.05,288.55,0.1736,0.0736,345,73.12,0.010000012814998627,-0.010000012814998627,2.937279224395752,7839.850000000001
98,2026-06-10 10:15:00,2026-06-10 11:15:00,2026-06-10,TIMKEN.NS,SHORT,3553.2,3592.1,-1.0948,-1.1948,28,-1188.69,-0.012890603393316269,0.012890603393316269,-2.0814809799194336,6651.160000000002
99,2026-06-10 10:15:00,2026-06-10 11:15:00,2026-06-10,DEVYANI.NS,LONG,111.74,110.97,-0.6891,-0.7891,890,-784.75,0.012603454291820526,-0.012603454291820526,2.7637362480163574,5866.410000000002
100,2026-06-10 10:15:00,2026-06-10 11:15:00,2026-06-10,BAJFINANCE.NS,LONG,888.8,889.5,0.0788,-0.0212,111,-20.96,0.01068798080086708,-0.01068798080086708,3.3930039405822754,5845.450000000002
101,2026-06-10 11:15:00,2026-06-10 12:15:00,2026-06-10,HDFCLIFE.NS,LONG,563.2,561.25,-0.3462,-0.4462,176,-442.32,0.012279145419597626,-0.012279145419597626,3.0657262802124023,5403.130000000002
102,2026-06-10 11:15:00,2026-06-10 12:15:00,2026-06-10,ICICIPRULI.NS,LONG,475.45,474.05,-0.2945,-0.3945,209,-391.97,0.012159191071987152,-0.012159191071987152,3.7567129135131836,5011.160000000002
103,2026-06-10 11:15:00,2026-06-10 12:15:00,2026-06-10,PHOENIXLTD.NS,LONG,1779.1,1783.6,0.2529,0.1529,55,149.65,0.010189000517129898,-0.010189000517129898,3.5716891288757324,5160.810000000001
104,2026-06-10 11:15:00,2026-06-10 12:15:00,2026-06-10,BRIGADE.NS,SHORT,493.05,493.1,-0.0101,-0.1101,201,-109.15,-0.030580155551433563,0.030580155551433563,-1.918355107307434,5051.660000000002
105,2026-06-10 11:15:00,2026-06-10 12:15:00,2026-06-10,BEL.NS,SHORT,411.9,412.45,-0.1335,-0.2335,241,-231.82,-0.012842509895563126,0.012842509895563126,-2.001887321472168,4819.840000000002
106,2026-06-10 12:15:00,2026-06-10 13:15:00,2026-06-10,RECLTD.NS,LONG,351.6,351.45,-0.0427,-0.1427,283,-141.95,0.01135486364364624,-0.01135486364364624,1.8268803358078003,4677.890000000002
107,2026-06-10 12:15:00,2026-06-10 13:15:00,2026-06-10,ALKEM.NS,LONG,5375.0,5353.0,-0.4093,-0.5093,18,-492.75,0.01118972897529602,-0.01118972897529602,1.7922415733337402,4185.140000000002
108,2026-06-10 12:15:00,2026-06-10 13:15:00,2026-06-10,SKFINDIA.NS,LONG,1601.0,1592.2,-0.5497,-0.6497,62,-644.86,0.009546712040901184,-0.009546712040901184,1.7922415733337402,3540.280000000002
109,2026-06-10 12:15:00,2026-06-10 13:15:00,2026-06-10,TVSMOTOR.NS,SHORT,3377.8,3380.8,-0.0888,-0.1888,29,-184.96,-0.007616844028234482,0.007616844028234482,-4.107345104217529,3355.320000000002
110,2026-06-10 12:15:00,2026-06-10 13:15:00,2026-06-10,EICHERMOT.NS,SHORT,7251.0,7265.5,-0.2,-0.3,13,-282.76,-0.005947820842266083,0.005947820842266083,-4.154302597045898,3072.560000000002
111,2026-06-10 13:15:00,2026-06-10 14:15:00,2026-06-10,SAIL.NS,SHORT,183.65,183.12,0.2886,0.1886,541,187.38,-0.042226411402225494,0.042226411402225494,-2.5773210525512695,3259.9400000000023
112,2026-06-10 13:15:00,2026-06-10 14:15:00,2026-06-10,SBILIFE.NS,LONG,1745.0,1744.0,-0.0573,-0.1573,57,-156.47,0.011676982045173645,-0.011676982045173645,2.9418692588806152,3103.4700000000025
113,2026-06-10 13:15:00,2026-06-10 14:15:00,2026-06-10,VEDL.NS,SHORT,300.6,299.7,0.2994,0.1994,331,198.4,-0.040096282958984375,0.040096282958984375,-2.970975399017334,3301.8700000000026
114,2026-06-10 13:15:00,2026-06-10 14:15:00,2026-06-10,SKFINDIA.NS,LONG,1592.2,1582.0,-0.6406,-0.7406,62,-731.12,0.012726686894893646,-0.012726686894893646,3.0365233421325684,2570.7500000000027
115,2026-06-10 13:15:00,2026-06-10 14:15:00,2026-06-10,ULTRACEMCO.NS,LONG,10905.0,10920.0,0.1376,0.0376,9,36.85,0.011929690837860107,-0.011929690837860107,2.585552453994751,2607.6000000000026
116,2026-06-10 14:15:00,2026-06-11 09:15:00,2026-06-10,GRASIM.NS,LONG,3085.9,3056.4,-0.956,-1.056,32,-1042.75,0.012247290462255478,-0.012247290462255478,1.9784533977508545,1564.8500000000026
117,2026-06-10 14:15:00,2026-06-11 09:15:00,2026-06-10,CHOLAFIN.NS,LONG,1487.2,1462.4,-1.6676,-1.7676,66,-1734.96,0.010697446763515472,-0.010697446763515472,2.4779977798461914,-170.1099999999974
118,2026-06-10 14:15:00,2026-06-11 09:15:00,2026-06-10,DEVYANI.NS,LONG,109.73,106.68,-2.7795,-2.8795,906,-2862.72,0.01043115183711052,-0.01043115183711052,2.5633955001831055,-3032.829999999997
119,2026-06-10 14:15:00,2026-06-11 09:15:00,2026-06-10,NMDC.NS,SHORT,88.75,88.03,0.8113,0.7113,1121,707.63,-0.01011580228805542,0.01011580228805542,-3.631882429122925,-2325.199999999997
120,2026-06-10 14:15:00,2026-06-11 09:15:00,2026-06-10,TIMKEN.NS,SHORT,3559.6,3551.5,0.2276,0.1276,27,122.59,-0.009738519787788391,0.009738519787788391,-4.535867691040039,-2202.609999999997
121,2026-06-11 09:15:00,2026-06-11 10:15:00,2026-06-11,EXIDEIND.NS,SHORT,385.85,385.95,-0.0259,-0.1259,257,-124.86,-0.011536665260791779,0.011536665260791779,-2.348527431488037,-2327.469999999997
122,2026-06-11 09:15:00,2026-06-11 10:15:00,2026-06-11,RELAXO.NS,SHORT,347.75,351.65,-1.1215,-1.2215,286,-1214.86,-0.01406865380704403,0.01406865380704403,-2.4489688873291016,-3542.329999999997
123,2026-06-11 09:15:00,2026-06-11 10:15:00,2026-06-11,DALBHARAT.NS,LONG,1614.5,1618.1,0.223,0.123,61,121.12,0.01501648873090744,-0.01501648873090744,3.005862236022949,-3421.2099999999973
124,2026-06-11 09:15:00,2026-06-11 10:15:00,2026-06-11,RECLTD.NS,LONG,342.55,341.45,-0.3211,-0.4211,290,-418.34,0.016625165939331055,-0.016625165939331055,3.2506563663482666,-3839.5499999999975
125,2026-06-11 09:15:00,2026-06-11 10:15:00,2026-06-11,BALKRISIND.NS,LONG,2050.0,2026.45,-1.1488,-1.2488,48,-1228.8,0.01590121164917946,-0.01590121164917946,2.571113109588623,-5068.349999999998
126,2026-06-11 10:15:00,2026-06-11 11:15:00,2026-06-11,PAGEIND.NS,LONG,38155.0,38270.0,0.3014,0.2014,2,153.69,0.011502742767333984,-0.011502742767333984,3.272204637527466,-4914.659999999998
127,2026-06-11 10:15:00,2026-06-11 11:15:00,2026-06-11,LUPIN.NS,LONG,2258.0,2274.1,0.713,0.613,44,609.05,0.009148351848125458,-0.009148351848125458,2.648926258087158,-4305.609999999998
128,2026-06-11 10:15:00,2026-06-11 11:15:00,2026-06-11,GODREJCP.NS,LONG,1018.8,1017.4,-0.1374,-0.2374,97,-234.62,0.009031154215335846,-0.009031154215335846,3.341982364654541,-4540.229999999998
129,2026-06-11 10:15:00,2026-06-11 11:15:00,2026-06-11,BRIGADE.NS,SHORT,487.5,487.4,0.0205,-0.0795,204,-79.05,-0.03186621516942978,0.03186621516942978,-2.5274438858032227,-4619.279999999998
130,2026-06-11 10:15:00,2026-06-11 11:15:00,2026-06-11,CUMMINSIND.NS,SHORT,5687.5,5637.0,0.8879,0.7879,17,761.81,-0.012353502213954926,0.012353502213954926,-2.1843390464782715,-3857.469999999998
131,2026-06-11 11:15:00,2026-06-11 12:15:00,2026-06-11,BRIGADE.NS,SHORT,487.4,486.65,0.1539,0.0539,204,53.57,-0.030802160501480103,0.030802160501480103,-1.7044894695281982,-3803.899999999998
132,2026-06-11 11:15:00,2026-06-11 12:15:00,2026-06-11,GODREJCP.NS,LONG,1017.4,1018.9,0.1474,0.0474,97,46.81,0.010040126740932465,-0.010040126740932465,2.606396198272705,-3757.089999999998
133,2026-06-11 11:15:00,2026-06-11 12:15:00,2026-06-11,ZEEL.NS,SHORT,106.85,105.99,0.8049,0.7049,931,701.18,-0.01334899291396141,0.01334899291396141,-1.4620845317840576,-3055.909999999998
134,2026-06-11 11:15:00,2026-06-11 12:15:00,2026-06-11,BALKRISIND.NS,LONG,2023.1,2012.6,-0.519,-0.619,49,-613.63,0.01165933907032013,-0.01165933907032013,4.439238548278809,-3669.539999999998
135,2026-06-11 11:15:00,2026-06-11 12:15:00,2026-06-11,JUBLFOOD.NS,LONG,416.95,415.85,-0.2638,-0.3638,238,-361.03,0.010446317493915558,-0.010446317493915558,3.7638564109802246,-4030.569999999998
136,2026-06-11 12:15:00,2026-06-11 13:15:00,2026-06-11,PAGEIND.NS,LONG,37905.0,37950.0,0.1187,0.0187,2,14.19,0.012636486440896988,-0.012636486440896988,3.2858381271362305,-4016.379999999998
137,2026-06-11 12:15:00,2026-06-11 13:15:00,2026-06-11,SHREECEM.NS,LONG,23650.0,23725.0,0.3171,0.2171,4,205.4,0.011532016098499298,-0.011532016098499298,2.9586715698242188,-3810.9799999999977
138,2026-06-11 12:15:00,2026-06-11 13:15:00,2026-06-11,ITC.NS,LONG,281.45,282.1,0.2309,0.1309,353,130.1,0.011495519429445267,-0.011495519429445267,2.9106733798980713,-3680.879999999998
139,2026-06-11 12:15:00,2026-06-11 13:15:00,2026-06-11,ADANIPORTS.NS,SHORT,1814.3,1800.0,0.7882,0.6882,54,674.23,-0.011830829083919525,0.011830829083919525,-2.296207904815674,-3006.649999999998
140,2026-06-11 12:15:00,2026-06-11 13:15:00,2026-06-11,AIAENG.NS,SHORT,4372.8,4360.5,0.2813,0.1813,22,174.4,-0.009403765201568604,0.009403765201568604,-2.52176570892334,-2832.2499999999977
141,2026-06-11 13:15:00,2026-06-11 14:15:00,2026-06-11,BHARATFORG.NS,SHORT,1949.0,1954.8,-0.2976,-0.3976,51,-395.2,-0.009518317878246307,0.009518317878246307,-3.5800352096557617,-3227.4499999999975
142,2026-06-11 13:15:00,2026-06-11 14:15:00,2026-06-11,DABUR.NS,LONG,422.6,424.6,0.4733,0.3733,235,370.69,0.0075286515057086945,-0.0075286515057086945,2.9537394046783447,-2856.7599999999975
143,2026-06-11 13:15:00,2026-06-11 14:15:00,2026-06-11,AUROPHARMA.NS,SHORT,1468.9,1469.3,-0.0272,-0.1272,67,-125.22,-0.010712545365095139,0.010712545365095139,-3.2105321884155273,-2981.9799999999973
144,2026-06-11 13:15:00,2026-06-11 14:15:00,2026-06-11,CHAMBLFERT.NS,LONG,467.65,469.95,0.4918,0.3918,212,388.46,0.009058818221092224,-0.009058818221092224,2.4667723178863525,-2593.5199999999973
145,2026-06-11 13:15:00,2026-06-11 14:15:00,2026-06-11,CHOLAFIN.NS,LONG,1457.9,1456.5,-0.096,-0.196,68,-194.34,0.008437275886535645,-0.008437275886535645,2.5757126808166504,-2787.8599999999974
146,2026-06-11 14:15:00,2026-06-12 09:15:00,2026-06-11,CHAMBLFERT.NS,LONG,469.95,467.5,-0.5213,-0.6213,211,-616.11,0.012744851410388947,-0.012744851410388947,5.731493949890137,-3403.9699999999975
147,2026-06-11 14:15:00,2026-06-12 09:15:00,2026-06-11,ICICIBANK.NS,LONG,1321.0,1326.7,0.4315,0.3315,75,328.43,0.012079328298568726,-0.012079328298568726,2.5075533390045166,-3075.5399999999977
148,2026-06-11 14:15:00,2026-06-12 09:15:00,2026-06-11,RECLTD.NS,LONG,337.8,340.2,0.7105,0.6105,294,606.29,0.011741828173398972,-0.011741828173398972,6.238054275512695,-2469.2499999999977
149,2026-06-11 14:15:00,2026-06-12 09:15:00,2026-06-11,WIPRO.NS,SHORT,177.25,178.18,-0.5247,-0.6247,561,-621.17,-0.0447271503508091,0.0447271503508091,-1.6072745323181152,-3090.419999999998
150,2026-06-11 14:15:00,2026-06-12 09:15:00,2026-06-11,BRIGADE.NS,SHORT,486.5,496.6,-2.0761,-2.1761,204,-2159.65,-0.037996288388967514,0.037996288388967514,-1.784151315689087,-5250.069999999998
151,2026-06-12 09:15:00,2026-06-12 10:15:00,2026-06-12,ZEEL.NS,SHORT,114.0,113.0,0.8772,0.7772,872,772.59,-0.01336854137480259,0.01336854137480259,-3.748795509338379,-4477.479999999998
152,2026-06-12 09:15:00,2026-06-12 10:15:00,2026-06-12,AUROPHARMA.NS,SHORT,1477.4,1473.5,0.264,0.164,67,162.31,-0.01351814717054367,0.01351814717054367,-3.9596197605133057,-4315.169999999997
153,2026-06-12 09:15:00,2026-06-12 10:15:00,2026-06-12,BRITANNIA.NS,LONG,5130.5,5142.0,0.2241,0.1241,19,121.02,0.012739401310682297,-0.012739401310682297,2.3480167388916016,-4194.149999999997
154,2026-06-12 09:15:00,2026-06-12 10:15:00,2026-06-12,LTTS.NS,LONG,3321.1,3316.0,-0.1536,-0.2536,29,-244.21,0.010327793657779694,-0.010327793657779694,2.3480167388916016,-4438.359999999997
155,2026-06-12 09:15:00,2026-06-12 10:15:00,2026-06-12,UNITDSPR.NS,LONG,1261.9,1267.2,0.42,0.32,78,314.97,0.010163910686969757,-0.010163910686969757,2.010331153869629,-4123.389999999997
156,2026-06-12 10:15:00,2026-06-12 11:15:00,2026-06-12,PETRONET.NS,LONG,266.3,266.15,-0.0563,-0.1563,373,-155.28,0.012479059398174286,-0.012479059398174286,2.7331857681274414,-4278.669999999996
157,2026-06-12 10:15:00,2026-06-12 11:15:00,2026-06-12,VOLTAS.NS,LONG,1289.6,1287.4,-0.1706,-0.2706,77,-268.7,0.010848138481378555,-0.010848138481378555,2.265810251235962,-4547.369999999996
158,2026-06-12 10:15:00,2026-06-12 11:15:00,2026-06-12,HAVELLS.NS,LONG,1145.3,1144.0,-0.1135,-0.2135,86,-210.3,0.010249171406030655,-0.010249171406030655,2.7331857681274414,-4757.669999999996
159,2026-06-12 10:15:00,2026-06-12 11:15:00,2026-06-12,WIPRO.NS,SHORT,178.59,178.69,-0.056,-0.156,557,-155.17,-0.029320769011974335,0.029320769011974335,-2.540844440460205,-4912.8399999999965
160,2026-06-12 10:15:00,2026-06-12 11:15:00,2026-06-12,KPIL.NS,SHORT,1269.5,1273.1,-0.2836,-0.3836,78,-379.82,-0.015409894287586212,0.015409894287586212,-2.7148942947387695,-5292.659999999996
161,2026-06-12 11:15:00,2026-06-12 12:15:00,2026-06-12,METROPOLIS.NS,SHORT,526.0,521.65,0.827,0.727,189,722.74,-0.013590328395366669,0.013590328395366669,-4.014808654785156,-4569.919999999996
162,2026-06-12 11:15:00,2026-06-12 12:15:00,2026-06-12,DLF.NS,LONG,568.6,567.8,-0.1407,-0.2407,175,-239.51,0.012951727956533432,-0.012951727956533432,1.617363691329956,-4809.429999999997
163,2026-06-12 11:15:00,2026-06-12 12:15:00,2026-06-12,SBICARD.NS,LONG,574.2,573.2,-0.1742,-0.2742,173,-272.34,0.012683309614658356,-0.012683309614658356,1.617363691329956,-5081.769999999997
164,2026-06-12 11:15:00,2026-06-12 12:15:00,2026-06-12,JKCEMENT.NS,LONG,4711.5,4711.0,-0.0106,-0.1106,21,-109.44,0.012015052139759064,-0.012015052139759064,1.661750078201294,-5191.209999999996
165,2026-06-12 11:15:00,2026-06-12 12:15:00,2026-06-12,KPIL.NS,SHORT,1273.1,1267.4,0.4477,0.3477,78,345.3,-0.01781969517469406,0.01781969517469406,-4.059195041656494,-4845.909999999996
166,2026-06-12 12:15:00,2026-06-12 13:15:00,2026-06-12,TATACOMM.NS,SHORT,1961.1,1953.4,0.3926,0.2926,50,286.94,-0.00811266154050827,0.00811266154050827,-1.840635895729065,-4558.969999999997
167,2026-06-12 12:15:00,2026-06-12 13:15:00,2026-06-12,BEL.NS,SHORT,406.2,404.45,0.4308,0.3308,244,327.89,-0.010689184069633484,0.010689184069633484,-1.8802794218063354,-4231.079999999996
168,2026-06-12 12:15:00,2026-06-12 13:15:00,2026-06-12,GODREJCP.NS,LONG,1020.2,1021.5,0.1274,0.0274,97,27.14,0.010792702436447144,-0.010792702436447144,3.0426783561706543,-4203.939999999996
169,2026-06-12 12:15:00,2026-06-12 13:15:00,2026-06-12,SYNGENE.NS,LONG,452.4,451.65,-0.1658,-0.2658,219,-263.33,0.011196855455636978,-0.011196855455636978,3.0283589363098145,-4467.269999999996
170,2026-06-12 12:15:00,2026-06-12 13:15:00,2026-06-12,BRITANNIA.NS,LONG,5144.0,5135.0,-0.175,-0.275,19,-268.74,0.011521600186824799,-0.011521600186824799,2.9804110527038574,-4736.009999999996
171,2026-06-12 13:15:00,2026-06-12 14:15:00,2026-06-12,SYNGENE.NS,LONG,451.65,455.5,0.8524,0.7524,220,747.64,0.00722595676779747,-0.00722595676779747,2.419788122177124,-3988.369999999996
172,2026-06-12 13:15:00,2026-06-12 14:15:00,2026-06-12,PERSISTENT.NS,LONG,4803.5,4825.0,0.4476,0.3476,20,333.93,0.007159538567066193,-0.007159538567066193,3.916511058807373,-3654.439999999996
173,2026-06-12 13:15:00,2026-06-12 14:15:00,2026-06-12,TATACONSUM.NS,LONG,1100.2,1100.8,0.0545,-0.0455,90,-45.02,0.007137279957532883,-0.007137279957532883,2.524665355682373,-3699.459999999996
174,2026-06-12 13:15:00,2026-06-12 14:15:00,2026-06-12,MUTHOOTFIN.NS,SHORT,2983.5,3026.9,-1.4547,-1.5547,33,-1530.66,-0.011438947170972824,0.011438947170972824,-1.7082282304763794,-5230.119999999996
175,2026-06-12 13:15:00,2026-06-12 14:15:00,2026-06-12,ABB.NS,SHORT,6747.5,6755.0,-0.1112,-0.2112,14,-199.47,-0.008873570710420609,0.008873570710420609,-2.0905590057373047,-5429.5899999999965
176,2026-06-12 14:15:00,2026-06-15 09:15:00,2026-06-12,DRREDDY.NS,LONG,1269.3,1287.1,1.4023,1.3023,78,1289.39,0.008711140602827072,-0.008711140602827072,3.0910186767578125,-4140.199999999996
177,2026-06-12 14:15:00,2026-06-15 09:15:00,2026-06-12,APOLLOTYRE.NS,LONG,390.0,408.2,4.6667,4.5667,255,4541.55,0.007238887250423431,-0.007238887250423431,4.193577766418457,401.350000000004
178,2026-06-12 14:15:00,2026-06-15 09:15:00,2026-06-12,BERGEPAINT.NS,LONG,512.6,529.2,3.2384,3.1384,194,3120.96,0.007187157869338989,-0.007187157869338989,3.761967658996582,3522.310000000004
179,2026-06-12 14:15:00,2026-06-15 09:15:00,2026-06-12,POLYCAB.NS,SHORT,9520.5,9601.0,-0.8455,-0.9455,10,-900.21,-0.008330192416906357,0.008330192416906357,-2.1443142890930176,2622.100000000004
180,2026-06-12 14:15:00,2026-06-15 09:15:00,2026-06-12,METROPOLIS.NS,SHORT,529.55,528.8,0.1416,0.0416,187,41.22,-0.00813296064734459,0.00813296064734459,-2.221954345703125,2663.320000000004
181,2026-06-15 09:15:00,2026-06-15 10:15:00,2026-06-15,MUTHOOTFIN.NS,SHORT,3180.0,3191.0,-0.3459,-0.4459,31,-439.58,-0.015823354944586754,0.015823354944586754,-2.8707427978515625,2223.740000000004
182,2026-06-15 09:15:00,2026-06-15 10:15:00,2026-06-15,HINDUNILVR.NS,LONG,2187.4,2173.8,-0.6217,-0.7217,45,-710.43,0.00947856530547142,-0.00947856530547142,2.2102530002593994,1513.310000000004
183,2026-06-15 09:15:00,2026-06-15 10:15:00,2026-06-15,HINDALCO.NS,SHORT,1037.0,1015.3,2.0926,1.9926,95,1962.99,-0.013126678764820099,0.013126678764820099,-3.22499418258667,3476.300000000004
184,2026-06-15 09:15:00,2026-06-15 10:15:00,2026-06-15,BRITANNIA.NS,LONG,5200.5,5212.5,0.2307,0.1307,19,129.19,0.010969571769237518,-0.010969571769237518,2.4456090927124023,3605.490000000004
185,2026-06-15 09:15:00,2026-06-15 10:15:00,2026-06-15,APOLLOHOSP.NS,LONG,8428.0,8430.0,0.0237,-0.0763,11,-70.71,0.010162349790334702,-0.010162349790334702,2.4456090927124023,3534.780000000004
186,2026-06-15 10:15:00,2026-06-15 11:15:00,2026-06-15,CHAMBLFERT.NS,LONG,477.0,478.05,0.2201,0.1201,208,119.18,0.012055005878210068,-0.012055005878210068,3.946445941925049,3653.9600000000037
187,2026-06-15 10:15:00,2026-06-15 11:15:00,2026-06-15,PIIND.NS,LONG,2867.7,2869.9,0.0767,-0.0233,34,-22.7,0.0116523876786232,-0.0116523876786232,3.946445941925049,3631.260000000004
188,2026-06-15 10:15:00,2026-06-15 11:15:00,2026-06-15,HINDUNILVR.NS,LONG,2173.8,2179.5,0.2622,0.1622,45,158.68,0.010896403342485428,-0.010896403342485428,2.9923815727233887,3789.9400000000037
189,2026-06-15 10:15:00,2026-06-15 11:15:00,2026-06-15,SHRIRAMFIN.NS,SHORT,1001.8,1001.45,0.0349,-0.0651,99,-64.53,-0.015740791335701942,0.015740791335701942,-1.7852365970611572,3725.4100000000035
190,2026-06-15 10:15:00,2026-06-15 11:15:00,2026-06-15,ABB.NS,SHORT,6903.0,6929.5,-0.3839,-0.4839,14,-467.64,-0.013966398313641548,0.013966398313641548,-1.8034417629241943,3257.7700000000036
191,2026-06-15 11:15:00,2026-06-15 12:15:00,2026-06-15,THERMAX.NS,SHORT,4733.6,4766.1,-0.6866,-0.7866,21,-781.91,-0.014613600447773933,0.014613600447773933,-2.204350471496582,2475.8600000000038
192,2026-06-15 11:15:00,2026-06-15 12:15:00,2026-06-15,MANAPPURAM.NS,SHORT,317.75,317.3,0.1416,0.0416,313,41.39,-0.02057994157075882,0.02057994157075882,-2.0006961822509766,2517.2500000000036
193,2026-06-15 11:15:00,2026-06-15 12:15:00,2026-06-15,RECLTD.NS,LONG,353.4,352.1,-0.3679,-0.4679,281,-464.61,0.008165288716554642,-0.008165288716554642,3.0172982215881348,2052.6400000000035
194,2026-06-15 11:15:00,2026-06-15 12:15:00,2026-06-15,SUNPHARMA.NS,LONG,1806.5,1806.3,-0.0111,-0.1111,55,-110.36,0.011332333087921143,-0.011332333087921143,2.8595128059387207,1942.2800000000036
195,2026-06-15 11:15:00,2026-06-15 12:15:00,2026-06-15,ALKEM.NS,LONG,5330.0,5349.0,0.3565,0.2565,18,246.06,0.010017085820436478,-0.010017085820436478,3.4156441688537598,2188.340000000004
196,2026-06-15 12:15:00,2026-06-15 13:15:00,2026-06-15,BRITANNIA.NS,LONG,5188.0,5193.0,0.0964,-0.0036,19,-3.57,0.009777095168828964,-0.009777095168828964,1.9106016159057617,2184.7700000000036
197,2026-06-15 12:15:00,2026-06-15 13:15:00,2026-06-15,DRREDDY.NS,LONG,1284.4,1280.2,-0.327,-0.427,77,-422.3,0.008486904203891754,-0.008486904203891754,1.9106016159057617,1762.4700000000037
198,2026-06-15 12:15:00,2026-06-15 13:15:00,2026-06-15,HDFCBANK.NS,LONG,778.3,779.15,0.1092,0.0092,127,9.11,0.00798080489039421,-0.00798080489039421,1.9106016159057617,1771.5800000000036
199,2026-06-15 12:15:00,2026-06-15 13:15:00,2026-06-15,BHARATFORG.NS,SHORT,2006.3,2002.5,0.1894,0.0894,49,87.89,-0.011355489492416382,0.011355489492416382,-3.6485044956207275,1859.4700000000037
200,2026-06-15 12:15:00,2026-06-15 13:15:00,2026-06-15,STARHEALTH.NS,SHORT,524.65,529.9,-1.0007,-1.1007,189,-1091.41,-0.010476548224687576,0.010476548224687576,-3.412774085998535,768.0600000000036
201,2026-06-15 13:15:00,2026-06-15 14:15:00,2026-06-15,STARHEALTH.NS,SHORT,529.9,527.9,0.3774,0.2774,187,274.91,-0.008074507117271423,0.008074507117271423,-3.386467933654785,1042.9700000000037
202,2026-06-15 13:15:00,2026-06-15 14:15:00,2026-06-15,PAYTM.NS,SHORT,1127.0,1128.5,-0.1331,-0.2331,88,-231.18,-0.00943562388420105,0.00943562388420105,-2.8962841033935547,811.7900000000036
203,2026-06-15 13:15:00,2026-06-15 14:15:00,2026-06-15,SUNPHARMA.NS,LONG,1803.1,1803.5,0.0222,-0.0778,55,-77.17,0.008908148854970932,-0.008908148854970932,2.600787401199341,734.6200000000036
204,2026-06-15 13:15:00,2026-06-15 14:15:00,2026-06-15,BALKRISIND.NS,LONG,2189.0,2195.4,0.2924,0.1924,45,189.5,0.020480696111917496,-0.020480696111917496,2.601076602935791,924.1200000000036
205,2026-06-15 13:15:00,2026-06-15 14:15:00,2026-06-15,LUPIN.NS,LONG,2273.6,2273.2,-0.0176,-0.1176,43,-114.96,0.008664976805448532,-0.008664976805448532,2.753626823425293,809.1600000000036
206,2026-06-15 14:15:00,2026-06-16 09:15:00,2026-06-15,BALKRISIND.NS,LONG,2195.4,2214.95,0.8905,0.7905,45,780.96,0.015962708741426468,-0.015962708741426468,2.2794387340545654,1590.1200000000035
207,2026-06-15 14:15:00,2026-06-16 09:15:00,2026-06-15,SRF.NS,LONG,2724.0,2743.6,0.7195,0.6195,36,607.54,0.010482367128133774,-0.010482367128133774,2.7351622581481934,2197.6600000000035
208,2026-06-15 14:15:00,2026-06-16 09:15:00,2026-06-15,ASTRAL.NS,LONG,1550.4,1554.5,0.2644,0.1644,64,163.17,0.009382341057062149,-0.009382341057062149,2.7544283866882324,2360.8300000000036
209,2026-06-15 14:15:00,2026-06-16 09:15:00,2026-06-15,ATGL.NS,SHORT,729.35,717.85,1.5767,1.4767,136,1464.81,-0.010640542954206467,0.010640542954206467,-3.043489456176758,3825.6400000000035
210,2026-06-15 14:15:00,2026-06-16 09:15:00,2026-06-15,SHRIRAMFIN.NS,SHORT,1006.0,1005.1,0.0895,-0.0105,98,-10.39,-0.009764004498720169,0.009764004498720169,-3.1698317527770996,3815.2500000000036
211,2026-06-16 09:15:00,2026-06-16 10:15:00,2026-06-16,ICICIBANK.NS,LONG,1330.8,1330.4,-0.0301,-0.1301,74,-128.08,0.009124282747507095,-0.009124282747507095,2.589205265045166,3687.1700000000037
212,2026-06-16 09:15:00,2026-06-16 10:15:00,2026-06-16,AXISBANK.NS,LONG,1358.0,1358.0,0.0,-0.1,73,-99.13,0.008579209446907043,-0.008579209446907043,2.7655091285705566,3588.0400000000036
213,2026-06-16 09:15:00,2026-06-16 10:15:00,2026-06-16,PIDILITIND.NS,LONG,1565.6,1561.0,-0.2938,-0.3938,63,-388.43,0.008191727101802826,-0.008191727101802826,3.23861026763916,3199.6100000000038
214,2026-06-16 09:15:00,2026-06-16 10:15:00,2026-06-16,MANAPPURAM.NS,SHORT,319.3,318.1,0.3758,0.2758,311,273.9,-0.015451865270733833,0.015451865270733833,-2.246164560317993,3473.510000000004
215,2026-06-16 09:15:00,2026-06-16 10:15:00,2026-06-16,ABB.NS,SHORT,7021.5,7021.5,0.0,-0.1,14,-98.3,-0.013758175075054169,0.013758175075054169,-2.13820219039917,3375.2100000000037
216,2026-06-16 10:15:00,2026-06-16 11:15:00,2026-06-16,PRESTIGE.NS,SHORT,1481.0,1496.5,-1.0466,-1.1466,67,-1137.73,-0.014190016314387321,0.014190016314387321,-2.4105305671691895,2237.4800000000037
217,2026-06-16 10:15:00,2026-06-16 11:15:00,2026-06-16,SUNTV.NS,LONG,524.4,521.4,-0.5721,-0.6721,189,-666.11,0.009884770959615707,-0.009884770959615707,2.797407627105713,1571.3700000000035
218,2026-06-16 10:15:00,2026-06-16 11:15:00,2026-06-16,ABCAPITAL.NS,SHORT,372.4,370.1,0.6176,0.5176,267,514.67,-0.013661446049809456,0.013661446049809456,-2.6839914321899414,2086.0400000000036
219,2026-06-16 10:15:00,2026-06-16 11:15:00,2026-06-16,BALKRISIND.NS,LONG,2214.2,2225.8,0.5239,0.4239,44,412.98,0.021500110626220703,-0.021500110626220703,3.146946907043457,2499.0200000000036
220,2026-06-16 10:15:00,2026-06-16 11:15:00,2026-06-16,SHREECEM.NS,LONG,24585.0,24610.0,0.1017,0.0017,4,1.66,0.012946102768182755,-0.012946102768182755,2.758554458618164,2500.6800000000035
221,2026-06-16 11:15:00,2026-06-16 12:15:00,2026-06-16,SCHAEFFLER.NS,SHORT,4194.0,4193.9,0.0024,-0.0976,23,-94.16,-0.012201396748423576,0.012201396748423576,-2.682541847229004,2406.5200000000036
222,2026-06-16 11:15:00,2026-06-16 12:15:00,2026-06-16,METROPOLIS.NS,SHORT,544.5,537.75,1.2397,1.1397,182,1129.4,-0.01708054170012474,0.01708054170012474,-2.969233989715576,3535.9200000000037
223,2026-06-16 11:15:00,2026-06-16 12:15:00,2026-06-16,BALKRISIND.NS,LONG,2225.8,2216.0,-0.4403,-0.5403,44,-529.14,0.019621387124061584,-0.019621387124061584,2.404461622238159,3006.780000000004
224,2026-06-16 11:15:00,2026-06-16 12:15:00,2026-06-16,AMBUJACEM.NS,LONG,425.2,425.45,0.0588,-0.0412,234,-41.0,0.014126021414995193,-0.014126021414995193,2.7728018760681152,2965.780000000004
225,2026-06-16 11:15:00,2026-06-16 12:15:00,2026-06-16,ULTRACEMCO.NS,LONG,11387.0,11398.0,0.0966,-0.0034,8,-3.1,0.01148134097456932,-0.01148134097456932,2.0404229164123535,2962.680000000004
226,2026-06-16 12:15:00,2026-06-16 13:15:00,2026-06-16,RAMCOCEM.NS,LONG,882.4,881.8,-0.068,-0.168,112,-166.03,0.008518192917108536,-0.008518192917108536,2.6955676078796387,2796.6500000000037
227,2026-06-16 12:15:00,2026-06-16 13:15:00,2026-06-16,SRF.NS,LONG,2761.0,2753.5,-0.2716,-0.3716,36,-369.4,0.006947595626115799,-0.006947595626115799,2.622143268585205,2427.2500000000036
228,2026-06-16 12:15:00,2026-06-16 13:15:00,2026-06-16,RELAXO.NS,SHORT,346.4,348.5,-0.6062,-0.7062,287,-702.12,-0.011532209813594818,0.011532209813594818,-2.1361756324768066,1725.1300000000037
229,2026-06-16 12:15:00,2026-06-16 13:15:00,2026-06-16,BAJAJ-AUTO.NS,SHORT,9912.0,9924.0,-0.1211,-0.2211,10,-219.12,-0.007705356925725937,0.007705356925725937,-2.105827808380127,1506.0100000000039
230,2026-06-16 12:15:00,2026-06-16 13:15:00,2026-06-16,PIIND.NS,LONG,2886.0,2883.0,-0.104,-0.204,34,-200.12,0.006630029529333115,-0.006630029529333115,2.5910332202911377,1305.890000000004
231,2026-06-16 13:15:00,2026-06-16 14:15:00,2026-06-16,BALKRISIND.NS,LONG,2217.0,2227.0,0.4511,0.3511,44,342.45,0.013846974819898605,-0.013846974819898605,2.9447109699249268,1648.340000000004
232,2026-06-16 13:15:00,2026-06-16 14:15:00,2026-06-16,SKFINDIA.NS,LONG,1631.8,1640.5,0.5332,0.4332,60,424.09,0.006863508373498917,-0.006863508373498917,3.6898388862609863,2072.430000000004
233,2026-06-16 13:15:00,2026-06-16 14:15:00,2026-06-16,HAVELLS.NS,LONG,1180.6,1182.1,0.1271,0.0271,84,26.83,0.00668783113360405,-0.00668783113360405,2.7705135345458984,2099.260000000004
234,2026-06-16 13:15:00,2026-06-16 14:15:00,2026-06-16,ADANIPOWER.NS,SHORT,219.86,221.55,-0.7687,-0.8687,452,-863.26,-0.009067408740520477,0.009067408740520477,-2.1413769721984863,1236.0000000000039
235,2026-06-16 13:15:00,2026-06-16 14:15:00,2026-06-16,CANBK.NS,SHORT,132.94,133.05,-0.0827,-0.1827,748,-181.72,-0.006288796663284302,0.006288796663284302,-2.170400857925415,1054.2800000000038
236,2026-06-16 14:15:00,2026-06-17 09:15:00,2026-06-16,HINDALCO.NS,SHORT,982.4,975.9,0.6616,0.5616,101,557.28,-0.011889364570379257,0.011889364570379257,-3.23712158203125,1611.5600000000038
237,2026-06-16 14:15:00,2026-06-17 09:15:00,2026-06-16,AARTIIND.NS,SHORT,493.7,493.35,0.0709,-0.0291,201,-28.88,-0.012043770402669907,0.012043770402669907,-3.28253436088562,1582.6800000000037
238,2026-06-16 14:15:00,2026-06-17 09:15:00,2026-06-16,AMBUJACEM.NS,LONG,426.35,426.5,0.0352,-0.0648,233,-64.39,0.011443249881267548,-0.011443249881267548,2.4665684700012207,1518.2900000000036
239,2026-06-16 14:15:00,2026-06-17 09:15:00,2026-06-16,BALKRISIND.NS,LONG,2227.0,2240.5,0.6062,0.5062,44,496.01,0.01180104911327362,-0.01180104911327362,2.4665684700012207,2014.3000000000036
240,2026-06-16 14:15:00,2026-06-17 09:15:00,2026-06-16,GRASIM.NS,LONG,3143.2,3150.8,0.2418,0.1418,31,138.16,0.009503159672021866,-0.009503159672021866,2.4665684700012207,2152.4600000000037
241,2026-06-17 09:15:00,2026-06-17 10:15:00,2026-06-17,TATAPOWER.NS,LONG,400.0,400.75,0.1875,0.0875,248,86.8,0.012292318046092987,-0.012292318046092987,2.1244895458221436,2239.260000000004
242,2026-06-17 09:15:00,2026-06-17 10:15:00,2026-06-17,OBEROIRLTY.NS,LONG,1658.5,1656.3,-0.1326,-0.2326,60,-231.51,0.011404898017644882,-0.011404898017644882,3.066598653793335,2007.7500000000039
243,2026-06-17 09:15:00,2026-06-17 10:15:00,2026-06-17,AXISBANK.NS,LONG,1356.4,1358.4,0.1474,0.0474,73,46.98,0.010886069387197495,-0.010886069387197495,2.4674811363220215,2054.7300000000037
244,2026-06-17 09:15:00,2026-06-17 10:15:00,2026-06-17,TIMKEN.NS,SHORT,3666.0,3639.9,0.7119,0.6119,27,605.72,-0.019100315868854523,0.019100315868854523,-2.61102294921875,2660.4500000000035
245,2026-06-17 09:15:00,2026-06-17 10:15:00,2026-06-17,MUTHOOTFIN.NS,SHORT,3159.0,3161.8,-0.0886,-0.1886,31,-184.73,-0.012208767235279083,0.012208767235279083,-2.647841453552246,2475.7200000000034
246,2026-06-17 10:15:00,2026-06-17 11:15:00,2026-06-17,BALKRISIND.NS,LONG,2241.1,2259.0,0.7987,0.6987,44,688.99,0.020303357392549515,-0.020303357392549515,2.2353897094726562,3164.7100000000037
247,2026-06-17 10:15:00,2026-06-17 11:15:00,2026-06-17,RAMCOCEM.NS,LONG,878.0,880.0,0.2278,0.1278,113,126.79,0.013930946588516235,-0.013930946588516235,2.427795886993408,3291.5000000000036
248,2026-06-17 10:15:00,2026-06-17 11:15:00,2026-06-17,JUBLFOOD.NS,LONG,423.55,424.75,0.2833,0.1833,234,181.69,0.012764926999807358,-0.012764926999807358,2.427795886993408,3473.1900000000037
249,2026-06-17 10:15:00,2026-06-17 11:15:00,2026-06-17,SAIL.NS,SHORT,181.44,181.89,-0.248,-0.348,548,-346.03,-0.01509237289428711,0.01509237289428711,-2.944183826446533,3127.1600000000035
250,2026-06-17 10:15:00,2026-06-17 11:15:00,2026-06-17,TATASTEEL.NS,SHORT,197.34,198.15,-0.4105,-0.5105,504,-507.7,-0.014231264591217041,0.014231264591217041,-2.9637417793273926,2619.4600000000037
251,2026-06-17 11:15:00,2026-06-17 12:15:00,2026-06-17,FEDERALBNK.NS,SHORT,322.35,321.35,0.3102,0.2102,308,208.72,-0.012283239513635635,0.012283239513635635,-2.9420523643493652,2828.1800000000035
252,2026-06-17 11:15:00,2026-06-17 12:15:00,2026-06-17,SUNTV.NS,LONG,521.55,523.0,0.278,0.178,190,176.41,0.008741229772567749,-0.008741229772567749,2.3496298789978027,3004.5900000000033
253,2026-06-17 11:15:00,2026-06-17 12:15:00,2026-06-17,AUROPHARMA.NS,SHORT,1422.4,1424.0,-0.1125,-0.2125,69,-208.55,-0.012612219899892807,0.012612219899892807,-2.8870325088500977,2796.040000000003
254,2026-06-17 11:15:00,2026-06-17 12:15:00,2026-06-17,ASTRAL.NS,LONG,1552.0,1556.3,0.2771,0.1771,64,175.87,0.009799417108297348,-0.009799417108297348,2.4816999435424805,2971.910000000003
255,2026-06-17 11:15:00,2026-06-17 12:15:00,2026-06-17,LTTS.NS,LONG,3449.0,3450.2,0.0348,-0.0652,28,-62.97,0.009604524821043015,-0.009604524821043015,2.599370002746582,2908.9400000000032
256,2026-06-17 12:15:00,2026-06-17 13:15:00,2026-06-17,BALKRISIND.NS,LONG,2252.0,2253.0,0.0444,-0.0556,44,-55.09,0.022220604121685028,-0.022220604121685028,2.4444594383239746,2853.850000000003
257,2026-06-17 12:15:00,2026-06-17 13:15:00,2026-06-17,SRF.NS,LONG,2731.2,2674.0,-2.0943,-2.1943,36,-2157.52,0.01195017620921135,-0.01195017620921135,2.4765634536743164,696.3300000000031
258,2026-06-17 12:15:00,2026-06-17 13:15:00,2026-06-17,ITC.NS,LONG,290.35,290.2,-0.0517,-0.1517,342,-150.6,0.008486621081829071,-0.008486621081829071,1.8267921209335327,545.7300000000031
259,2026-06-17 12:15:00,2026-06-17 13:15:00,2026-06-17,GRANULES.NS,SHORT,749.5,741.9,1.014,0.914,132,904.27,-0.008925646543502808,0.008925646543502808,-3.1269960403442383,1450.0000000000032
260,2026-06-17 12:15:00,2026-06-17 13:15:00,2026-06-17,STARHEALTH.NS,SHORT,537.0,537.05,-0.0093,-0.1093,185,-108.59,-0.0077523887157440186,0.0077523887157440186,-3.008078098297119,1341.4100000000033
261,2026-06-17 13:15:00,2026-06-17 14:15:00,2026-06-17,PAYTM.NS,SHORT,1116.5,1116.5,0.0,-0.1,89,-99.37,-0.010544605553150177,0.010544605553150177,-2.6795356273651123,1242.0400000000031
262,2026-06-17 13:15:00,2026-06-17 14:15:00,2026-06-17,GNFC.NS,SHORT,559.0,557.05,0.3488,0.2488,178,247.6,-0.013612372800707817,0.013612372800707817,-2.615065336227417,1489.640000000003
263,2026-06-17 13:15:00,2026-06-17 14:15:00,2026-06-17,DABUR.NS,LONG,429.35,429.85,0.1165,0.0165,231,16.32,0.010301530361175537,-0.010301530361175537,2.5495378971099854,1505.960000000003
264,2026-06-17 13:15:00,2026-06-17 14:15:00,2026-06-17,BALKRISIND.NS,LONG,2253.0,2258.0,0.2219,0.1219,44,120.87,0.020402591675519943,-0.020402591675519943,2.717852830886841,1626.830000000003
265,2026-06-17 13:15:00,2026-06-17 14:15:00,2026-06-17,KEC.NS,LONG,518.0,517.45,-0.1062,-0.2062,192,-205.06,0.008831921964883804,-0.008831921964883804,2.70510196685791,1421.7700000000032
266,2026-06-17 14:15:00,,2026-06-17,ZEEL.NS,SHORT,109.84,109.84,0.0,-0.1,906,-99.52,-0.01032162830233574,0.01032162830233574,-3.4844822883605957,1322.2500000000032
267,2026-06-17 14:15:00,,2026-06-17,TATAPOWER.NS,LONG,400.6,400.6,0.0,-0.1,248,-99.35,0.010441459715366364,-0.010441459715366364,2.0888819694519043,1222.9000000000033
268,2026-06-17 14:15:00,,2026-06-17,M&MFIN.NS,LONG,296.05,296.05,0.0,-0.1,336,-99.47,0.009819786995649338,-0.009819786995649338,2.0408878326416016,1123.4300000000032
269,2026-06-17 14:15:00,,2026-06-17,TECHM.NS,LONG,1462.2,1462.2,0.0,-0.1,68,-99.43,0.00897800549864769,-0.00897800549864769,2.0888819694519043,1024.0000000000032
270,2026-06-17 14:15:00,,2026-06-17,BIOCON.NS,SHORT,410.65,410.65,0.0,-0.1,242,-99.38,-0.00943676009774208,0.00943676009774208,-3.8196182250976562,924.6200000000032
